-- MySQL dump 10.13  Distrib 8.0.11, for Win64 (x86_64)
--
-- Host: localhost    Database: moviereservationdb
-- ------------------------------------------------------
-- Server version	8.0.11

/*!40101 SET @OLD_CHARACTER_SET_CLIENT=@@CHARACTER_SET_CLIENT */;
/*!40101 SET @OLD_CHARACTER_SET_RESULTS=@@CHARACTER_SET_RESULTS */;
/*!40101 SET @OLD_COLLATION_CONNECTION=@@COLLATION_CONNECTION */;
 SET NAMES utf8mb4 ;
/*!40103 SET @OLD_TIME_ZONE=@@TIME_ZONE */;
/*!40103 SET TIME_ZONE='+00:00' */;
/*!40014 SET @OLD_UNIQUE_CHECKS=@@UNIQUE_CHECKS, UNIQUE_CHECKS=0 */;
/*!40014 SET @OLD_FOREIGN_KEY_CHECKS=@@FOREIGN_KEY_CHECKS, FOREIGN_KEY_CHECKS=0 */;
/*!40101 SET @OLD_SQL_MODE=@@SQL_MODE, SQL_MODE='NO_AUTO_VALUE_ON_ZERO' */;
/*!40111 SET @OLD_SQL_NOTES=@@SQL_NOTES, SQL_NOTES=0 */;

--
-- Table structure for table `bookedseats`
--

DROP TABLE IF EXISTS `bookedseats`;
/*!40101 SET @saved_cs_client     = @@character_set_client */;
 SET character_set_client = utf8mb4 ;
CREATE TABLE `bookedseats` (
  `bookedSeatID` int(11) NOT NULL AUTO_INCREMENT,
  `bookingID` int(11) NOT NULL,
  `seatMapID` int(11) NOT NULL,
  PRIMARY KEY (`bookedSeatID`),
  KEY `bookingID` (`bookingID`),
  KEY `seatMapID` (`seatMapID`),
  CONSTRAINT `bookedseats_ibfk_1` FOREIGN KEY (`bookingID`) REFERENCES `bookinginfo` (`bookingid`) ON DELETE CASCADE ON UPDATE CASCADE,
  CONSTRAINT `bookedseats_ibfk_2` FOREIGN KEY (`seatMapID`) REFERENCES `seatmap` (`seatmapid`) ON DELETE CASCADE ON UPDATE CASCADE
) ENGINE=InnoDB DEFAULT CHARSET=utf8mb4 COLLATE=utf8mb4_0900_ai_ci;
/*!40101 SET character_set_client = @saved_cs_client */;

--
-- Dumping data for table `bookedseats`
--

LOCK TABLES `bookedseats` WRITE;
/*!40000 ALTER TABLE `bookedseats` DISABLE KEYS */;
/*!40000 ALTER TABLE `bookedseats` ENABLE KEYS */;
UNLOCK TABLES;

--
-- Table structure for table `bookinginfo`
--

DROP TABLE IF EXISTS `bookinginfo`;
/*!40101 SET @saved_cs_client     = @@character_set_client */;
 SET character_set_client = utf8mb4 ;
CREATE TABLE `bookinginfo` (
  `bookingID` int(11) NOT NULL AUTO_INCREMENT,
  `userID` int(11) NOT NULL,
  `scheduleID` int(11) NOT NULL,
  `totalSeats` int(11) NOT NULL,
  `bookingTime` int(11) NOT NULL,
  PRIMARY KEY (`bookingID`),
  KEY `userID` (`userID`),
  KEY `scheduleID` (`scheduleID`),
  CONSTRAINT `bookinginfo_ibfk_1` FOREIGN KEY (`userID`) REFERENCES `user` (`userid`) ON DELETE CASCADE ON UPDATE CASCADE,
  CONSTRAINT `bookinginfo_ibfk_2` FOREIGN KEY (`scheduleID`) REFERENCES `schedule` (`scheduleid`) ON DELETE CASCADE ON UPDATE CASCADE
) ENGINE=InnoDB DEFAULT CHARSET=utf8mb4 COLLATE=utf8mb4_0900_ai_ci;
/*!40101 SET character_set_client = @saved_cs_client */;

--
-- Dumping data for table `bookinginfo`
--

LOCK TABLES `bookinginfo` WRITE;
/*!40000 ALTER TABLE `bookinginfo` DISABLE KEYS */;
/*!40000 ALTER TABLE `bookinginfo` ENABLE KEYS */;
UNLOCK TABLES;

--
-- Table structure for table `city`
--

DROP TABLE IF EXISTS `city`;
/*!40101 SET @saved_cs_client     = @@character_set_client */;
 SET character_set_client = utf8mb4 ;
CREATE TABLE `city` (
  `cityID` int(10) NOT NULL AUTO_INCREMENT,
  `cityName` varchar(20) NOT NULL,
  PRIMARY KEY (`cityID`)
) ENGINE=InnoDB AUTO_INCREMENT=4 DEFAULT CHARSET=utf8mb4 COLLATE=utf8mb4_0900_ai_ci;
/*!40101 SET character_set_client = @saved_cs_client */;

--
-- Dumping data for table `city`
--

LOCK TABLES `city` WRITE;
/*!40000 ALTER TABLE `city` DISABLE KEYS */;
INSERT INTO `city` VALUES (1,'Pune'),(2,'Mumbai'),(3,'Thane');
/*!40000 ALTER TABLE `city` ENABLE KEYS */;
UNLOCK TABLES;

--
-- Table structure for table `movie`
--

DROP TABLE IF EXISTS `movie`;
/*!40101 SET @saved_cs_client     = @@character_set_client */;
 SET character_set_client = utf8mb4 ;
CREATE TABLE `movie` (
  `movieID` int(11) NOT NULL AUTO_INCREMENT,
  `movieName` varchar(30) NOT NULL,
  PRIMARY KEY (`movieID`)
) ENGINE=InnoDB AUTO_INCREMENT=3 DEFAULT CHARSET=utf8mb4 COLLATE=utf8mb4_0900_ai_ci;
/*!40101 SET character_set_client = @saved_cs_client */;

--
-- Dumping data for table `movie`
--

LOCK TABLES `movie` WRITE;
/*!40000 ALTER TABLE `movie` DISABLE KEYS */;
INSERT INTO `movie` VALUES (1,'Ant-Man and the Wasp'),(2,'Mission : Impossible - Fallout');
/*!40000 ALTER TABLE `movie` ENABLE KEYS */;
UNLOCK TABLES;

--
-- Table structure for table `schedule`
--

DROP TABLE IF EXISTS `schedule`;
/*!40101 SET @saved_cs_client     = @@character_set_client */;
 SET character_set_client = utf8mb4 ;
CREATE TABLE `schedule` (
  `scheduleID` int(11) NOT NULL AUTO_INCREMENT,
  `showDate` date NOT NULL,
  `showTime` timestamp NOT NULL,
  `screenID` int(11) NOT NULL,
  `movieID` int(11) NOT NULL,
  `price` int(11) NOT NULL,
  PRIMARY KEY (`scheduleID`),
  KEY `screenID` (`screenID`),
  KEY `movieID` (`movieID`),
  CONSTRAINT `schedule_ibfk_1` FOREIGN KEY (`screenID`) REFERENCES `screen` (`screenid`) ON DELETE CASCADE ON UPDATE CASCADE,
  CONSTRAINT `schedule_ibfk_2` FOREIGN KEY (`movieID`) REFERENCES `movie` (`movieid`) ON DELETE CASCADE ON UPDATE CASCADE
) ENGINE=InnoDB DEFAULT CHARSET=utf8mb4 COLLATE=utf8mb4_0900_ai_ci;
/*!40101 SET character_set_client = @saved_cs_client */;

--
-- Dumping data for table `schedule`
--

LOCK TABLES `schedule` WRITE;
/*!40000 ALTER TABLE `schedule` DISABLE KEYS */;
/*!40000 ALTER TABLE `schedule` ENABLE KEYS */;
UNLOCK TABLES;

--
-- Table structure for table `screen`
--

DROP TABLE IF EXISTS `screen`;
/*!40101 SET @saved_cs_client     = @@character_set_client */;
 SET character_set_client = utf8mb4 ;
CREATE TABLE `screen` (
  `screenID` int(11) NOT NULL AUTO_INCREMENT,
  `theatreID` int(11) NOT NULL,
  `screenNum` int(11) NOT NULL,
  `capacity` int(11) NOT NULL,
  PRIMARY KEY (`screenID`),
  KEY `theatreID` (`theatreID`),
  CONSTRAINT `screen_ibfk_1` FOREIGN KEY (`theatreID`) REFERENCES `theatre` (`theatreid`) ON DELETE CASCADE ON UPDATE CASCADE
) ENGINE=InnoDB AUTO_INCREMENT=54 DEFAULT CHARSET=utf8mb4 COLLATE=utf8mb4_0900_ai_ci;
/*!40101 SET character_set_client = @saved_cs_client */;

--
-- Dumping data for table `screen`
--

LOCK TABLES `screen` WRITE;
/*!40000 ALTER TABLE `screen` DISABLE KEYS */;
INSERT INTO `screen` VALUES (1,1,1,350),(2,1,2,300),(3,1,3,200),(4,1,4,200),(5,2,1,300),(6,2,2,250),(7,2,3,150),(8,2,4,250),(9,3,1,450),(10,3,2,250),(11,3,3,250),(12,4,1,450),(13,4,2,300),(14,4,3,300),(15,4,4,250),(16,4,5,250),(17,5,1,300),(18,5,2,300),(19,5,3,200),(20,6,1,250),(21,6,2,250),(22,6,3,450),(23,7,1,450),(24,7,2,450),(25,7,3,300),(26,7,4,200),(27,7,5,200),(28,9,1,450),(29,9,2,300),(30,9,3,200),(31,9,4,400),(32,9,5,350),(33,11,1,400),(34,11,2,400),(35,11,3,350),(36,11,4,300),(37,11,5,200),(38,11,6,100),(39,11,7,100),(40,10,1,450),(41,10,2,300),(42,10,3,200),(43,10,4,200),(44,12,1,300),(45,12,2,150),(46,12,3,400),(47,13,1,500),(48,13,2,300),(49,13,3,300),(50,13,4,50),(51,14,1,450),(52,14,2,300),(53,14,3,300);
/*!40000 ALTER TABLE `screen` ENABLE KEYS */;
UNLOCK TABLES;

--
-- Table structure for table `seatmap`
--

DROP TABLE IF EXISTS `seatmap`;
/*!40101 SET @saved_cs_client     = @@character_set_client */;
 SET character_set_client = utf8mb4 ;
CREATE TABLE `seatmap` (
  `seatMapID` int(11) NOT NULL AUTO_INCREMENT,
  `seatNO` int(11) NOT NULL,
  `screenID` int(11) NOT NULL,
  PRIMARY KEY (`seatMapID`),
  KEY `screenID` (`screenID`),
  CONSTRAINT `seatmap_ibfk_1` FOREIGN KEY (`screenID`) REFERENCES `screen` (`screenid`) ON DELETE CASCADE ON UPDATE CASCADE
) ENGINE=InnoDB AUTO_INCREMENT=15601 DEFAULT CHARSET=utf8mb4 COLLATE=utf8mb4_0900_ai_ci;
/*!40101 SET character_set_client = @saved_cs_client */;

--
-- Dumping data for table `seatmap`
--

LOCK TABLES `seatmap` WRITE;
/*!40000 ALTER TABLE `seatmap` DISABLE KEYS */;
INSERT INTO `seatmap` VALUES (1,1,1),(2,2,1),(3,3,1),(4,4,1),(5,5,1),(6,6,1),(7,7,1),(8,8,1),(9,9,1),(10,10,1),(11,11,1),(12,12,1),(13,13,1),(14,14,1),(15,15,1),(16,16,1),(17,17,1),(18,18,1),(19,19,1),(20,20,1),(21,21,1),(22,22,1),(23,23,1),(24,24,1),(25,25,1),(26,26,1),(27,27,1),(28,28,1),(29,29,1),(30,30,1),(31,31,1),(32,32,1),(33,33,1),(34,34,1),(35,35,1),(36,36,1),(37,37,1),(38,38,1),(39,39,1),(40,40,1),(41,41,1),(42,42,1),(43,43,1),(44,44,1),(45,45,1),(46,46,1),(47,47,1),(48,48,1),(49,49,1),(50,50,1),(51,51,1),(52,52,1),(53,53,1),(54,54,1),(55,55,1),(56,56,1),(57,57,1),(58,58,1),(59,59,1),(60,60,1),(61,61,1),(62,62,1),(63,63,1),(64,64,1),(65,65,1),(66,66,1),(67,67,1),(68,68,1),(69,69,1),(70,70,1),(71,71,1),(72,72,1),(73,73,1),(74,74,1),(75,75,1),(76,76,1),(77,77,1),(78,78,1),(79,79,1),(80,80,1),(81,81,1),(82,82,1),(83,83,1),(84,84,1),(85,85,1),(86,86,1),(87,87,1),(88,88,1),(89,89,1),(90,90,1),(91,91,1),(92,92,1),(93,93,1),(94,94,1),(95,95,1),(96,96,1),(97,97,1),(98,98,1),(99,99,1),(100,100,1),(101,101,1),(102,102,1),(103,103,1),(104,104,1),(105,105,1),(106,106,1),(107,107,1),(108,108,1),(109,109,1),(110,110,1),(111,111,1),(112,112,1),(113,113,1),(114,114,1),(115,115,1),(116,116,1),(117,117,1),(118,118,1),(119,119,1),(120,120,1),(121,121,1),(122,122,1),(123,123,1),(124,124,1),(125,125,1),(126,126,1),(127,127,1),(128,128,1),(129,129,1),(130,130,1),(131,131,1),(132,132,1),(133,133,1),(134,134,1),(135,135,1),(136,136,1),(137,137,1),(138,138,1),(139,139,1),(140,140,1),(141,141,1),(142,142,1),(143,143,1),(144,144,1),(145,145,1),(146,146,1),(147,147,1),(148,148,1),(149,149,1),(150,150,1),(151,151,1),(152,152,1),(153,153,1),(154,154,1),(155,155,1),(156,156,1),(157,157,1),(158,158,1),(159,159,1),(160,160,1),(161,161,1),(162,162,1),(163,163,1),(164,164,1),(165,165,1),(166,166,1),(167,167,1),(168,168,1),(169,169,1),(170,170,1),(171,171,1),(172,172,1),(173,173,1),(174,174,1),(175,175,1),(176,176,1),(177,177,1),(178,178,1),(179,179,1),(180,180,1),(181,181,1),(182,182,1),(183,183,1),(184,184,1),(185,185,1),(186,186,1),(187,187,1),(188,188,1),(189,189,1),(190,190,1),(191,191,1),(192,192,1),(193,193,1),(194,194,1),(195,195,1),(196,196,1),(197,197,1),(198,198,1),(199,199,1),(200,200,1),(201,201,1),(202,202,1),(203,203,1),(204,204,1),(205,205,1),(206,206,1),(207,207,1),(208,208,1),(209,209,1),(210,210,1),(211,211,1),(212,212,1),(213,213,1),(214,214,1),(215,215,1),(216,216,1),(217,217,1),(218,218,1),(219,219,1),(220,220,1),(221,221,1),(222,222,1),(223,223,1),(224,224,1),(225,225,1),(226,226,1),(227,227,1),(228,228,1),(229,229,1),(230,230,1),(231,231,1),(232,232,1),(233,233,1),(234,234,1),(235,235,1),(236,236,1),(237,237,1),(238,238,1),(239,239,1),(240,240,1),(241,241,1),(242,242,1),(243,243,1),(244,244,1),(245,245,1),(246,246,1),(247,247,1),(248,248,1),(249,249,1),(250,250,1),(251,251,1),(252,252,1),(253,253,1),(254,254,1),(255,255,1),(256,256,1),(257,257,1),(258,258,1),(259,259,1),(260,260,1),(261,261,1),(262,262,1),(263,263,1),(264,264,1),(265,265,1),(266,266,1),(267,267,1),(268,268,1),(269,269,1),(270,270,1),(271,271,1),(272,272,1),(273,273,1),(274,274,1),(275,275,1),(276,276,1),(277,277,1),(278,278,1),(279,279,1),(280,280,1),(281,281,1),(282,282,1),(283,283,1),(284,284,1),(285,285,1),(286,286,1),(287,287,1),(288,288,1),(289,289,1),(290,290,1),(291,291,1),(292,292,1),(293,293,1),(294,294,1),(295,295,1),(296,296,1),(297,297,1),(298,298,1),(299,299,1),(300,300,1),(301,301,1),(302,302,1),(303,303,1),(304,304,1),(305,305,1),(306,306,1),(307,307,1),(308,308,1),(309,309,1),(310,310,1),(311,311,1),(312,312,1),(313,313,1),(314,314,1),(315,315,1),(316,316,1),(317,317,1),(318,318,1),(319,319,1),(320,320,1),(321,321,1),(322,322,1),(323,323,1),(324,324,1),(325,325,1),(326,326,1),(327,327,1),(328,328,1),(329,329,1),(330,330,1),(331,331,1),(332,332,1),(333,333,1),(334,334,1),(335,335,1),(336,336,1),(337,337,1),(338,338,1),(339,339,1),(340,340,1),(341,341,1),(342,342,1),(343,343,1),(344,344,1),(345,345,1),(346,346,1),(347,347,1),(348,348,1),(349,349,1),(350,350,1),(351,1,2),(352,2,2),(353,3,2),(354,4,2),(355,5,2),(356,6,2),(357,7,2),(358,8,2),(359,9,2),(360,10,2),(361,11,2),(362,12,2),(363,13,2),(364,14,2),(365,15,2),(366,16,2),(367,17,2),(368,18,2),(369,19,2),(370,20,2),(371,21,2),(372,22,2),(373,23,2),(374,24,2),(375,25,2),(376,26,2),(377,27,2),(378,28,2),(379,29,2),(380,30,2),(381,31,2),(382,32,2),(383,33,2),(384,34,2),(385,35,2),(386,36,2),(387,37,2),(388,38,2),(389,39,2),(390,40,2),(391,41,2),(392,42,2),(393,43,2),(394,44,2),(395,45,2),(396,46,2),(397,47,2),(398,48,2),(399,49,2),(400,50,2),(401,51,2),(402,52,2),(403,53,2),(404,54,2),(405,55,2),(406,56,2),(407,57,2),(408,58,2),(409,59,2),(410,60,2),(411,61,2),(412,62,2),(413,63,2),(414,64,2),(415,65,2),(416,66,2),(417,67,2),(418,68,2),(419,69,2),(420,70,2),(421,71,2),(422,72,2),(423,73,2),(424,74,2),(425,75,2),(426,76,2),(427,77,2),(428,78,2),(429,79,2),(430,80,2),(431,81,2),(432,82,2),(433,83,2),(434,84,2),(435,85,2),(436,86,2),(437,87,2),(438,88,2),(439,89,2),(440,90,2),(441,91,2),(442,92,2),(443,93,2),(444,94,2),(445,95,2),(446,96,2),(447,97,2),(448,98,2),(449,99,2),(450,100,2),(451,101,2),(452,102,2),(453,103,2),(454,104,2),(455,105,2),(456,106,2),(457,107,2),(458,108,2),(459,109,2),(460,110,2),(461,111,2),(462,112,2),(463,113,2),(464,114,2),(465,115,2),(466,116,2),(467,117,2),(468,118,2),(469,119,2),(470,120,2),(471,121,2),(472,122,2),(473,123,2),(474,124,2),(475,125,2),(476,126,2),(477,127,2),(478,128,2),(479,129,2),(480,130,2),(481,131,2),(482,132,2),(483,133,2),(484,134,2),(485,135,2),(486,136,2),(487,137,2),(488,138,2),(489,139,2),(490,140,2),(491,141,2),(492,142,2),(493,143,2),(494,144,2),(495,145,2),(496,146,2),(497,147,2),(498,148,2),(499,149,2),(500,150,2),(501,151,2),(502,152,2),(503,153,2),(504,154,2),(505,155,2),(506,156,2),(507,157,2),(508,158,2),(509,159,2),(510,160,2),(511,161,2),(512,162,2),(513,163,2),(514,164,2),(515,165,2),(516,166,2),(517,167,2),(518,168,2),(519,169,2),(520,170,2),(521,171,2),(522,172,2),(523,173,2),(524,174,2),(525,175,2),(526,176,2),(527,177,2),(528,178,2),(529,179,2),(530,180,2),(531,181,2),(532,182,2),(533,183,2),(534,184,2),(535,185,2),(536,186,2),(537,187,2),(538,188,2),(539,189,2),(540,190,2),(541,191,2),(542,192,2),(543,193,2),(544,194,2),(545,195,2),(546,196,2),(547,197,2),(548,198,2),(549,199,2),(550,200,2),(551,201,2),(552,202,2),(553,203,2),(554,204,2),(555,205,2),(556,206,2),(557,207,2),(558,208,2),(559,209,2),(560,210,2),(561,211,2),(562,212,2),(563,213,2),(564,214,2),(565,215,2),(566,216,2),(567,217,2),(568,218,2),(569,219,2),(570,220,2),(571,221,2),(572,222,2),(573,223,2),(574,224,2),(575,225,2),(576,226,2),(577,227,2),(578,228,2),(579,229,2),(580,230,2),(581,231,2),(582,232,2),(583,233,2),(584,234,2),(585,235,2),(586,236,2),(587,237,2),(588,238,2),(589,239,2),(590,240,2),(591,241,2),(592,242,2),(593,243,2),(594,244,2),(595,245,2),(596,246,2),(597,247,2),(598,248,2),(599,249,2),(600,250,2),(601,251,2),(602,252,2),(603,253,2),(604,254,2),(605,255,2),(606,256,2),(607,257,2),(608,258,2),(609,259,2),(610,260,2),(611,261,2),(612,262,2),(613,263,2),(614,264,2),(615,265,2),(616,266,2),(617,267,2),(618,268,2),(619,269,2),(620,270,2),(621,271,2),(622,272,2),(623,273,2),(624,274,2),(625,275,2),(626,276,2),(627,277,2),(628,278,2),(629,279,2),(630,280,2),(631,281,2),(632,282,2),(633,283,2),(634,284,2),(635,285,2),(636,286,2),(637,287,2),(638,288,2),(639,289,2),(640,290,2),(641,291,2),(642,292,2),(643,293,2),(644,294,2),(645,295,2),(646,296,2),(647,297,2),(648,298,2),(649,299,2),(650,300,2),(651,1,3),(652,2,3),(653,3,3),(654,4,3),(655,5,3),(656,6,3),(657,7,3),(658,8,3),(659,9,3),(660,10,3),(661,11,3),(662,12,3),(663,13,3),(664,14,3),(665,15,3),(666,16,3),(667,17,3),(668,18,3),(669,19,3),(670,20,3),(671,21,3),(672,22,3),(673,23,3),(674,24,3),(675,25,3),(676,26,3),(677,27,3),(678,28,3),(679,29,3),(680,30,3),(681,31,3),(682,32,3),(683,33,3),(684,34,3),(685,35,3),(686,36,3),(687,37,3),(688,38,3),(689,39,3),(690,40,3),(691,41,3),(692,42,3),(693,43,3),(694,44,3),(695,45,3),(696,46,3),(697,47,3),(698,48,3),(699,49,3),(700,50,3),(701,51,3),(702,52,3),(703,53,3),(704,54,3),(705,55,3),(706,56,3),(707,57,3),(708,58,3),(709,59,3),(710,60,3),(711,61,3),(712,62,3),(713,63,3),(714,64,3),(715,65,3),(716,66,3),(717,67,3),(718,68,3),(719,69,3),(720,70,3),(721,71,3),(722,72,3),(723,73,3),(724,74,3),(725,75,3),(726,76,3),(727,77,3),(728,78,3),(729,79,3),(730,80,3),(731,81,3),(732,82,3),(733,83,3),(734,84,3),(735,85,3),(736,86,3),(737,87,3),(738,88,3),(739,89,3),(740,90,3),(741,91,3),(742,92,3),(743,93,3),(744,94,3),(745,95,3),(746,96,3),(747,97,3),(748,98,3),(749,99,3),(750,100,3),(751,101,3),(752,102,3),(753,103,3),(754,104,3),(755,105,3),(756,106,3),(757,107,3),(758,108,3),(759,109,3),(760,110,3),(761,111,3),(762,112,3),(763,113,3),(764,114,3),(765,115,3),(766,116,3),(767,117,3),(768,118,3),(769,119,3),(770,120,3),(771,121,3),(772,122,3),(773,123,3),(774,124,3),(775,125,3),(776,126,3),(777,127,3),(778,128,3),(779,129,3),(780,130,3),(781,131,3),(782,132,3),(783,133,3),(784,134,3),(785,135,3),(786,136,3),(787,137,3),(788,138,3),(789,139,3),(790,140,3),(791,141,3),(792,142,3),(793,143,3),(794,144,3),(795,145,3),(796,146,3),(797,147,3),(798,148,3),(799,149,3),(800,150,3),(801,151,3),(802,152,3),(803,153,3),(804,154,3),(805,155,3),(806,156,3),(807,157,3),(808,158,3),(809,159,3),(810,160,3),(811,161,3),(812,162,3),(813,163,3),(814,164,3),(815,165,3),(816,166,3),(817,167,3),(818,168,3),(819,169,3),(820,170,3),(821,171,3),(822,172,3),(823,173,3),(824,174,3),(825,175,3),(826,176,3),(827,177,3),(828,178,3),(829,179,3),(830,180,3),(831,181,3),(832,182,3),(833,183,3),(834,184,3),(835,185,3),(836,186,3),(837,187,3),(838,188,3),(839,189,3),(840,190,3),(841,191,3),(842,192,3),(843,193,3),(844,194,3),(845,195,3),(846,196,3),(847,197,3),(848,198,3),(849,199,3),(850,200,3),(851,1,4),(852,2,4),(853,3,4),(854,4,4),(855,5,4),(856,6,4),(857,7,4),(858,8,4),(859,9,4),(860,10,4),(861,11,4),(862,12,4),(863,13,4),(864,14,4),(865,15,4),(866,16,4),(867,17,4),(868,18,4),(869,19,4),(870,20,4),(871,21,4),(872,22,4),(873,23,4),(874,24,4),(875,25,4),(876,26,4),(877,27,4),(878,28,4),(879,29,4),(880,30,4),(881,31,4),(882,32,4),(883,33,4),(884,34,4),(885,35,4),(886,36,4),(887,37,4),(888,38,4),(889,39,4),(890,40,4),(891,41,4),(892,42,4),(893,43,4),(894,44,4),(895,45,4),(896,46,4),(897,47,4),(898,48,4),(899,49,4),(900,50,4),(901,51,4),(902,52,4),(903,53,4),(904,54,4),(905,55,4),(906,56,4),(907,57,4),(908,58,4),(909,59,4),(910,60,4),(911,61,4),(912,62,4),(913,63,4),(914,64,4),(915,65,4),(916,66,4),(917,67,4),(918,68,4),(919,69,4),(920,70,4),(921,71,4),(922,72,4),(923,73,4),(924,74,4),(925,75,4),(926,76,4),(927,77,4),(928,78,4),(929,79,4),(930,80,4),(931,81,4),(932,82,4),(933,83,4),(934,84,4),(935,85,4),(936,86,4),(937,87,4),(938,88,4),(939,89,4),(940,90,4),(941,91,4),(942,92,4),(943,93,4),(944,94,4),(945,95,4),(946,96,4),(947,97,4),(948,98,4),(949,99,4),(950,100,4),(951,101,4),(952,102,4),(953,103,4),(954,104,4),(955,105,4),(956,106,4),(957,107,4),(958,108,4),(959,109,4),(960,110,4),(961,111,4),(962,112,4),(963,113,4),(964,114,4),(965,115,4),(966,116,4),(967,117,4),(968,118,4),(969,119,4),(970,120,4),(971,121,4),(972,122,4),(973,123,4),(974,124,4),(975,125,4),(976,126,4),(977,127,4),(978,128,4),(979,129,4),(980,130,4),(981,131,4),(982,132,4),(983,133,4),(984,134,4),(985,135,4),(986,136,4),(987,137,4),(988,138,4),(989,139,4),(990,140,4),(991,141,4),(992,142,4),(993,143,4),(994,144,4),(995,145,4),(996,146,4),(997,147,4),(998,148,4),(999,149,4),(1000,150,4),(1001,151,4),(1002,152,4),(1003,153,4),(1004,154,4),(1005,155,4),(1006,156,4),(1007,157,4),(1008,158,4),(1009,159,4),(1010,160,4),(1011,161,4),(1012,162,4),(1013,163,4),(1014,164,4),(1015,165,4),(1016,166,4),(1017,167,4),(1018,168,4),(1019,169,4),(1020,170,4),(1021,171,4),(1022,172,4),(1023,173,4),(1024,174,4),(1025,175,4),(1026,176,4),(1027,177,4),(1028,178,4),(1029,179,4),(1030,180,4),(1031,181,4),(1032,182,4),(1033,183,4),(1034,184,4),(1035,185,4),(1036,186,4),(1037,187,4),(1038,188,4),(1039,189,4),(1040,190,4),(1041,191,4),(1042,192,4),(1043,193,4),(1044,194,4),(1045,195,4),(1046,196,4),(1047,197,4),(1048,198,4),(1049,199,4),(1050,200,4),(1051,1,5),(1052,2,5),(1053,3,5),(1054,4,5),(1055,5,5),(1056,6,5),(1057,7,5),(1058,8,5),(1059,9,5),(1060,10,5),(1061,11,5),(1062,12,5),(1063,13,5),(1064,14,5),(1065,15,5),(1066,16,5),(1067,17,5),(1068,18,5),(1069,19,5),(1070,20,5),(1071,21,5),(1072,22,5),(1073,23,5),(1074,24,5),(1075,25,5),(1076,26,5),(1077,27,5),(1078,28,5),(1079,29,5),(1080,30,5),(1081,31,5),(1082,32,5),(1083,33,5),(1084,34,5),(1085,35,5),(1086,36,5),(1087,37,5),(1088,38,5),(1089,39,5),(1090,40,5),(1091,41,5),(1092,42,5),(1093,43,5),(1094,44,5),(1095,45,5),(1096,46,5),(1097,47,5),(1098,48,5),(1099,49,5),(1100,50,5),(1101,51,5),(1102,52,5),(1103,53,5),(1104,54,5),(1105,55,5),(1106,56,5),(1107,57,5),(1108,58,5),(1109,59,5),(1110,60,5),(1111,61,5),(1112,62,5),(1113,63,5),(1114,64,5),(1115,65,5),(1116,66,5),(1117,67,5),(1118,68,5),(1119,69,5),(1120,70,5),(1121,71,5),(1122,72,5),(1123,73,5),(1124,74,5),(1125,75,5),(1126,76,5),(1127,77,5),(1128,78,5),(1129,79,5),(1130,80,5),(1131,81,5),(1132,82,5),(1133,83,5),(1134,84,5),(1135,85,5),(1136,86,5),(1137,87,5),(1138,88,5),(1139,89,5),(1140,90,5),(1141,91,5),(1142,92,5),(1143,93,5),(1144,94,5),(1145,95,5),(1146,96,5),(1147,97,5),(1148,98,5),(1149,99,5),(1150,100,5),(1151,101,5),(1152,102,5),(1153,103,5),(1154,104,5),(1155,105,5),(1156,106,5),(1157,107,5),(1158,108,5),(1159,109,5),(1160,110,5),(1161,111,5),(1162,112,5),(1163,113,5),(1164,114,5),(1165,115,5),(1166,116,5),(1167,117,5),(1168,118,5),(1169,119,5),(1170,120,5),(1171,121,5),(1172,122,5),(1173,123,5),(1174,124,5),(1175,125,5),(1176,126,5),(1177,127,5),(1178,128,5),(1179,129,5),(1180,130,5),(1181,131,5),(1182,132,5),(1183,133,5),(1184,134,5),(1185,135,5),(1186,136,5),(1187,137,5),(1188,138,5),(1189,139,5),(1190,140,5),(1191,141,5),(1192,142,5),(1193,143,5),(1194,144,5),(1195,145,5),(1196,146,5),(1197,147,5),(1198,148,5),(1199,149,5),(1200,150,5),(1201,151,5),(1202,152,5),(1203,153,5),(1204,154,5),(1205,155,5),(1206,156,5),(1207,157,5),(1208,158,5),(1209,159,5),(1210,160,5),(1211,161,5),(1212,162,5),(1213,163,5),(1214,164,5),(1215,165,5),(1216,166,5),(1217,167,5),(1218,168,5),(1219,169,5),(1220,170,5),(1221,171,5),(1222,172,5),(1223,173,5),(1224,174,5),(1225,175,5),(1226,176,5),(1227,177,5),(1228,178,5),(1229,179,5),(1230,180,5),(1231,181,5),(1232,182,5),(1233,183,5),(1234,184,5),(1235,185,5),(1236,186,5),(1237,187,5),(1238,188,5),(1239,189,5),(1240,190,5),(1241,191,5),(1242,192,5),(1243,193,5),(1244,194,5),(1245,195,5),(1246,196,5),(1247,197,5),(1248,198,5),(1249,199,5),(1250,200,5),(1251,201,5),(1252,202,5),(1253,203,5),(1254,204,5),(1255,205,5),(1256,206,5),(1257,207,5),(1258,208,5),(1259,209,5),(1260,210,5),(1261,211,5),(1262,212,5),(1263,213,5),(1264,214,5),(1265,215,5),(1266,216,5),(1267,217,5),(1268,218,5),(1269,219,5),(1270,220,5),(1271,221,5),(1272,222,5),(1273,223,5),(1274,224,5),(1275,225,5),(1276,226,5),(1277,227,5),(1278,228,5),(1279,229,5),(1280,230,5),(1281,231,5),(1282,232,5),(1283,233,5),(1284,234,5),(1285,235,5),(1286,236,5),(1287,237,5),(1288,238,5),(1289,239,5),(1290,240,5),(1291,241,5),(1292,242,5),(1293,243,5),(1294,244,5),(1295,245,5),(1296,246,5),(1297,247,5),(1298,248,5),(1299,249,5),(1300,250,5),(1301,251,5),(1302,252,5),(1303,253,5),(1304,254,5),(1305,255,5),(1306,256,5),(1307,257,5),(1308,258,5),(1309,259,5),(1310,260,5),(1311,261,5),(1312,262,5),(1313,263,5),(1314,264,5),(1315,265,5),(1316,266,5),(1317,267,5),(1318,268,5),(1319,269,5),(1320,270,5),(1321,271,5),(1322,272,5),(1323,273,5),(1324,274,5),(1325,275,5),(1326,276,5),(1327,277,5),(1328,278,5),(1329,279,5),(1330,280,5),(1331,281,5),(1332,282,5),(1333,283,5),(1334,284,5),(1335,285,5),(1336,286,5),(1337,287,5),(1338,288,5),(1339,289,5),(1340,290,5),(1341,291,5),(1342,292,5),(1343,293,5),(1344,294,5),(1345,295,5),(1346,296,5),(1347,297,5),(1348,298,5),(1349,299,5),(1350,300,5),(1351,1,6),(1352,2,6),(1353,3,6),(1354,4,6),(1355,5,6),(1356,6,6),(1357,7,6),(1358,8,6),(1359,9,6),(1360,10,6),(1361,11,6),(1362,12,6),(1363,13,6),(1364,14,6),(1365,15,6),(1366,16,6),(1367,17,6),(1368,18,6),(1369,19,6),(1370,20,6),(1371,21,6),(1372,22,6),(1373,23,6),(1374,24,6),(1375,25,6),(1376,26,6),(1377,27,6),(1378,28,6),(1379,29,6),(1380,30,6),(1381,31,6),(1382,32,6),(1383,33,6),(1384,34,6),(1385,35,6),(1386,36,6),(1387,37,6),(1388,38,6),(1389,39,6),(1390,40,6),(1391,41,6),(1392,42,6),(1393,43,6),(1394,44,6),(1395,45,6),(1396,46,6),(1397,47,6),(1398,48,6),(1399,49,6),(1400,50,6),(1401,51,6),(1402,52,6),(1403,53,6),(1404,54,6),(1405,55,6),(1406,56,6),(1407,57,6),(1408,58,6),(1409,59,6),(1410,60,6),(1411,61,6),(1412,62,6),(1413,63,6),(1414,64,6),(1415,65,6),(1416,66,6),(1417,67,6),(1418,68,6),(1419,69,6),(1420,70,6),(1421,71,6),(1422,72,6),(1423,73,6),(1424,74,6),(1425,75,6),(1426,76,6),(1427,77,6),(1428,78,6),(1429,79,6),(1430,80,6),(1431,81,6),(1432,82,6),(1433,83,6),(1434,84,6),(1435,85,6),(1436,86,6),(1437,87,6),(1438,88,6),(1439,89,6),(1440,90,6),(1441,91,6),(1442,92,6),(1443,93,6),(1444,94,6),(1445,95,6),(1446,96,6),(1447,97,6),(1448,98,6),(1449,99,6),(1450,100,6),(1451,101,6),(1452,102,6),(1453,103,6),(1454,104,6),(1455,105,6),(1456,106,6),(1457,107,6),(1458,108,6),(1459,109,6),(1460,110,6),(1461,111,6),(1462,112,6),(1463,113,6),(1464,114,6),(1465,115,6),(1466,116,6),(1467,117,6),(1468,118,6),(1469,119,6),(1470,120,6),(1471,121,6),(1472,122,6),(1473,123,6),(1474,124,6),(1475,125,6),(1476,126,6),(1477,127,6),(1478,128,6),(1479,129,6),(1480,130,6),(1481,131,6),(1482,132,6),(1483,133,6),(1484,134,6),(1485,135,6),(1486,136,6),(1487,137,6),(1488,138,6),(1489,139,6),(1490,140,6),(1491,141,6),(1492,142,6),(1493,143,6),(1494,144,6),(1495,145,6),(1496,146,6),(1497,147,6),(1498,148,6),(1499,149,6),(1500,150,6),(1501,151,6),(1502,152,6),(1503,153,6),(1504,154,6),(1505,155,6),(1506,156,6),(1507,157,6),(1508,158,6),(1509,159,6),(1510,160,6),(1511,161,6),(1512,162,6),(1513,163,6),(1514,164,6),(1515,165,6),(1516,166,6),(1517,167,6),(1518,168,6),(1519,169,6),(1520,170,6),(1521,171,6),(1522,172,6),(1523,173,6),(1524,174,6),(1525,175,6),(1526,176,6),(1527,177,6),(1528,178,6),(1529,179,6),(1530,180,6),(1531,181,6),(1532,182,6),(1533,183,6),(1534,184,6),(1535,185,6),(1536,186,6),(1537,187,6),(1538,188,6),(1539,189,6),(1540,190,6),(1541,191,6),(1542,192,6),(1543,193,6),(1544,194,6),(1545,195,6),(1546,196,6),(1547,197,6),(1548,198,6),(1549,199,6),(1550,200,6),(1551,201,6),(1552,202,6),(1553,203,6),(1554,204,6),(1555,205,6),(1556,206,6),(1557,207,6),(1558,208,6),(1559,209,6),(1560,210,6),(1561,211,6),(1562,212,6),(1563,213,6),(1564,214,6),(1565,215,6),(1566,216,6),(1567,217,6),(1568,218,6),(1569,219,6),(1570,220,6),(1571,221,6),(1572,222,6),(1573,223,6),(1574,224,6),(1575,225,6),(1576,226,6),(1577,227,6),(1578,228,6),(1579,229,6),(1580,230,6),(1581,231,6),(1582,232,6),(1583,233,6),(1584,234,6),(1585,235,6),(1586,236,6),(1587,237,6),(1588,238,6),(1589,239,6),(1590,240,6),(1591,241,6),(1592,242,6),(1593,243,6),(1594,244,6),(1595,245,6),(1596,246,6),(1597,247,6),(1598,248,6),(1599,249,6),(1600,250,6),(1601,1,7),(1602,2,7),(1603,3,7),(1604,4,7),(1605,5,7),(1606,6,7),(1607,7,7),(1608,8,7),(1609,9,7),(1610,10,7),(1611,11,7),(1612,12,7),(1613,13,7),(1614,14,7),(1615,15,7),(1616,16,7),(1617,17,7),(1618,18,7),(1619,19,7),(1620,20,7),(1621,21,7),(1622,22,7),(1623,23,7),(1624,24,7),(1625,25,7),(1626,26,7),(1627,27,7),(1628,28,7),(1629,29,7),(1630,30,7),(1631,31,7),(1632,32,7),(1633,33,7),(1634,34,7),(1635,35,7),(1636,36,7),(1637,37,7),(1638,38,7),(1639,39,7),(1640,40,7),(1641,41,7),(1642,42,7),(1643,43,7),(1644,44,7),(1645,45,7),(1646,46,7),(1647,47,7),(1648,48,7),(1649,49,7),(1650,50,7),(1651,51,7),(1652,52,7),(1653,53,7),(1654,54,7),(1655,55,7),(1656,56,7),(1657,57,7),(1658,58,7),(1659,59,7),(1660,60,7),(1661,61,7),(1662,62,7),(1663,63,7),(1664,64,7),(1665,65,7),(1666,66,7),(1667,67,7),(1668,68,7),(1669,69,7),(1670,70,7),(1671,71,7),(1672,72,7),(1673,73,7),(1674,74,7),(1675,75,7),(1676,76,7),(1677,77,7),(1678,78,7),(1679,79,7),(1680,80,7),(1681,81,7),(1682,82,7),(1683,83,7),(1684,84,7),(1685,85,7),(1686,86,7),(1687,87,7),(1688,88,7),(1689,89,7),(1690,90,7),(1691,91,7),(1692,92,7),(1693,93,7),(1694,94,7),(1695,95,7),(1696,96,7),(1697,97,7),(1698,98,7),(1699,99,7),(1700,100,7),(1701,101,7),(1702,102,7),(1703,103,7),(1704,104,7),(1705,105,7),(1706,106,7),(1707,107,7),(1708,108,7),(1709,109,7),(1710,110,7),(1711,111,7),(1712,112,7),(1713,113,7),(1714,114,7),(1715,115,7),(1716,116,7),(1717,117,7),(1718,118,7),(1719,119,7),(1720,120,7),(1721,121,7),(1722,122,7),(1723,123,7),(1724,124,7),(1725,125,7),(1726,126,7),(1727,127,7),(1728,128,7),(1729,129,7),(1730,130,7),(1731,131,7),(1732,132,7),(1733,133,7),(1734,134,7),(1735,135,7),(1736,136,7),(1737,137,7),(1738,138,7),(1739,139,7),(1740,140,7),(1741,141,7),(1742,142,7),(1743,143,7),(1744,144,7),(1745,145,7),(1746,146,7),(1747,147,7),(1748,148,7),(1749,149,7),(1750,150,7),(1751,1,8),(1752,2,8),(1753,3,8),(1754,4,8),(1755,5,8),(1756,6,8),(1757,7,8),(1758,8,8),(1759,9,8),(1760,10,8),(1761,11,8),(1762,12,8),(1763,13,8),(1764,14,8),(1765,15,8),(1766,16,8),(1767,17,8),(1768,18,8),(1769,19,8),(1770,20,8),(1771,21,8),(1772,22,8),(1773,23,8),(1774,24,8),(1775,25,8),(1776,26,8),(1777,27,8),(1778,28,8),(1779,29,8),(1780,30,8),(1781,31,8),(1782,32,8),(1783,33,8),(1784,34,8),(1785,35,8),(1786,36,8),(1787,37,8),(1788,38,8),(1789,39,8),(1790,40,8),(1791,41,8),(1792,42,8),(1793,43,8),(1794,44,8),(1795,45,8),(1796,46,8),(1797,47,8),(1798,48,8),(1799,49,8),(1800,50,8),(1801,51,8),(1802,52,8),(1803,53,8),(1804,54,8),(1805,55,8),(1806,56,8),(1807,57,8),(1808,58,8),(1809,59,8),(1810,60,8),(1811,61,8),(1812,62,8),(1813,63,8),(1814,64,8),(1815,65,8),(1816,66,8),(1817,67,8),(1818,68,8),(1819,69,8),(1820,70,8),(1821,71,8),(1822,72,8),(1823,73,8),(1824,74,8),(1825,75,8),(1826,76,8),(1827,77,8),(1828,78,8),(1829,79,8),(1830,80,8),(1831,81,8),(1832,82,8),(1833,83,8),(1834,84,8),(1835,85,8),(1836,86,8),(1837,87,8),(1838,88,8),(1839,89,8),(1840,90,8),(1841,91,8),(1842,92,8),(1843,93,8),(1844,94,8),(1845,95,8),(1846,96,8),(1847,97,8),(1848,98,8),(1849,99,8),(1850,100,8),(1851,101,8),(1852,102,8),(1853,103,8),(1854,104,8),(1855,105,8),(1856,106,8),(1857,107,8),(1858,108,8),(1859,109,8),(1860,110,8),(1861,111,8),(1862,112,8),(1863,113,8),(1864,114,8),(1865,115,8),(1866,116,8),(1867,117,8),(1868,118,8),(1869,119,8),(1870,120,8),(1871,121,8),(1872,122,8),(1873,123,8),(1874,124,8),(1875,125,8),(1876,126,8),(1877,127,8),(1878,128,8),(1879,129,8),(1880,130,8),(1881,131,8),(1882,132,8),(1883,133,8),(1884,134,8),(1885,135,8),(1886,136,8),(1887,137,8),(1888,138,8),(1889,139,8),(1890,140,8),(1891,141,8),(1892,142,8),(1893,143,8),(1894,144,8),(1895,145,8),(1896,146,8),(1897,147,8),(1898,148,8),(1899,149,8),(1900,150,8),(1901,151,8),(1902,152,8),(1903,153,8),(1904,154,8),(1905,155,8),(1906,156,8),(1907,157,8),(1908,158,8),(1909,159,8),(1910,160,8),(1911,161,8),(1912,162,8),(1913,163,8),(1914,164,8),(1915,165,8),(1916,166,8),(1917,167,8),(1918,168,8),(1919,169,8),(1920,170,8),(1921,171,8),(1922,172,8),(1923,173,8),(1924,174,8),(1925,175,8),(1926,176,8),(1927,177,8),(1928,178,8),(1929,179,8),(1930,180,8),(1931,181,8),(1932,182,8),(1933,183,8),(1934,184,8),(1935,185,8),(1936,186,8),(1937,187,8),(1938,188,8),(1939,189,8),(1940,190,8),(1941,191,8),(1942,192,8),(1943,193,8),(1944,194,8),(1945,195,8),(1946,196,8),(1947,197,8),(1948,198,8),(1949,199,8),(1950,200,8),(1951,201,8),(1952,202,8),(1953,203,8),(1954,204,8),(1955,205,8),(1956,206,8),(1957,207,8),(1958,208,8),(1959,209,8),(1960,210,8),(1961,211,8),(1962,212,8),(1963,213,8),(1964,214,8),(1965,215,8),(1966,216,8),(1967,217,8),(1968,218,8),(1969,219,8),(1970,220,8),(1971,221,8),(1972,222,8),(1973,223,8),(1974,224,8),(1975,225,8),(1976,226,8),(1977,227,8),(1978,228,8),(1979,229,8),(1980,230,8),(1981,231,8),(1982,232,8),(1983,233,8),(1984,234,8),(1985,235,8),(1986,236,8),(1987,237,8),(1988,238,8),(1989,239,8),(1990,240,8),(1991,241,8),(1992,242,8),(1993,243,8),(1994,244,8),(1995,245,8),(1996,246,8),(1997,247,8),(1998,248,8),(1999,249,8),(2000,250,8),(2001,1,9),(2002,2,9),(2003,3,9),(2004,4,9),(2005,5,9),(2006,6,9),(2007,7,9),(2008,8,9),(2009,9,9),(2010,10,9),(2011,11,9),(2012,12,9),(2013,13,9),(2014,14,9),(2015,15,9),(2016,16,9),(2017,17,9),(2018,18,9),(2019,19,9),(2020,20,9),(2021,21,9),(2022,22,9),(2023,23,9),(2024,24,9),(2025,25,9),(2026,26,9),(2027,27,9),(2028,28,9),(2029,29,9),(2030,30,9),(2031,31,9),(2032,32,9),(2033,33,9),(2034,34,9),(2035,35,9),(2036,36,9),(2037,37,9),(2038,38,9),(2039,39,9),(2040,40,9),(2041,41,9),(2042,42,9),(2043,43,9),(2044,44,9),(2045,45,9),(2046,46,9),(2047,47,9),(2048,48,9),(2049,49,9),(2050,50,9),(2051,51,9),(2052,52,9),(2053,53,9),(2054,54,9),(2055,55,9),(2056,56,9),(2057,57,9),(2058,58,9),(2059,59,9),(2060,60,9),(2061,61,9),(2062,62,9),(2063,63,9),(2064,64,9),(2065,65,9),(2066,66,9),(2067,67,9),(2068,68,9),(2069,69,9),(2070,70,9),(2071,71,9),(2072,72,9),(2073,73,9),(2074,74,9),(2075,75,9),(2076,76,9),(2077,77,9),(2078,78,9),(2079,79,9),(2080,80,9),(2081,81,9),(2082,82,9),(2083,83,9),(2084,84,9),(2085,85,9),(2086,86,9),(2087,87,9),(2088,88,9),(2089,89,9),(2090,90,9),(2091,91,9),(2092,92,9),(2093,93,9),(2094,94,9),(2095,95,9),(2096,96,9),(2097,97,9),(2098,98,9),(2099,99,9),(2100,100,9),(2101,101,9),(2102,102,9),(2103,103,9),(2104,104,9),(2105,105,9),(2106,106,9),(2107,107,9),(2108,108,9),(2109,109,9),(2110,110,9),(2111,111,9),(2112,112,9),(2113,113,9),(2114,114,9),(2115,115,9),(2116,116,9),(2117,117,9),(2118,118,9),(2119,119,9),(2120,120,9),(2121,121,9),(2122,122,9),(2123,123,9),(2124,124,9),(2125,125,9),(2126,126,9),(2127,127,9),(2128,128,9),(2129,129,9),(2130,130,9),(2131,131,9),(2132,132,9),(2133,133,9),(2134,134,9),(2135,135,9),(2136,136,9),(2137,137,9),(2138,138,9),(2139,139,9),(2140,140,9),(2141,141,9),(2142,142,9),(2143,143,9),(2144,144,9),(2145,145,9),(2146,146,9),(2147,147,9),(2148,148,9),(2149,149,9),(2150,150,9),(2151,151,9),(2152,152,9),(2153,153,9),(2154,154,9),(2155,155,9),(2156,156,9),(2157,157,9),(2158,158,9),(2159,159,9),(2160,160,9),(2161,161,9),(2162,162,9),(2163,163,9),(2164,164,9),(2165,165,9),(2166,166,9),(2167,167,9),(2168,168,9),(2169,169,9),(2170,170,9),(2171,171,9),(2172,172,9),(2173,173,9),(2174,174,9),(2175,175,9),(2176,176,9),(2177,177,9),(2178,178,9),(2179,179,9),(2180,180,9),(2181,181,9),(2182,182,9),(2183,183,9),(2184,184,9),(2185,185,9),(2186,186,9),(2187,187,9),(2188,188,9),(2189,189,9),(2190,190,9),(2191,191,9),(2192,192,9),(2193,193,9),(2194,194,9),(2195,195,9),(2196,196,9),(2197,197,9),(2198,198,9),(2199,199,9),(2200,200,9),(2201,201,9),(2202,202,9),(2203,203,9),(2204,204,9),(2205,205,9),(2206,206,9),(2207,207,9),(2208,208,9),(2209,209,9),(2210,210,9),(2211,211,9),(2212,212,9),(2213,213,9),(2214,214,9),(2215,215,9),(2216,216,9),(2217,217,9),(2218,218,9),(2219,219,9),(2220,220,9),(2221,221,9),(2222,222,9),(2223,223,9),(2224,224,9),(2225,225,9),(2226,226,9),(2227,227,9),(2228,228,9),(2229,229,9),(2230,230,9),(2231,231,9),(2232,232,9),(2233,233,9),(2234,234,9),(2235,235,9),(2236,236,9),(2237,237,9),(2238,238,9),(2239,239,9),(2240,240,9),(2241,241,9),(2242,242,9),(2243,243,9),(2244,244,9),(2245,245,9),(2246,246,9),(2247,247,9),(2248,248,9),(2249,249,9),(2250,250,9),(2251,251,9),(2252,252,9),(2253,253,9),(2254,254,9),(2255,255,9),(2256,256,9),(2257,257,9),(2258,258,9),(2259,259,9),(2260,260,9),(2261,261,9),(2262,262,9),(2263,263,9),(2264,264,9),(2265,265,9),(2266,266,9),(2267,267,9),(2268,268,9),(2269,269,9),(2270,270,9),(2271,271,9),(2272,272,9),(2273,273,9),(2274,274,9),(2275,275,9),(2276,276,9),(2277,277,9),(2278,278,9),(2279,279,9),(2280,280,9),(2281,281,9),(2282,282,9),(2283,283,9),(2284,284,9),(2285,285,9),(2286,286,9),(2287,287,9),(2288,288,9),(2289,289,9),(2290,290,9),(2291,291,9),(2292,292,9),(2293,293,9),(2294,294,9),(2295,295,9),(2296,296,9),(2297,297,9),(2298,298,9),(2299,299,9),(2300,300,9),(2301,301,9),(2302,302,9),(2303,303,9),(2304,304,9),(2305,305,9),(2306,306,9),(2307,307,9),(2308,308,9),(2309,309,9),(2310,310,9),(2311,311,9),(2312,312,9),(2313,313,9),(2314,314,9),(2315,315,9),(2316,316,9),(2317,317,9),(2318,318,9),(2319,319,9),(2320,320,9),(2321,321,9),(2322,322,9),(2323,323,9),(2324,324,9),(2325,325,9),(2326,326,9),(2327,327,9),(2328,328,9),(2329,329,9),(2330,330,9),(2331,331,9),(2332,332,9),(2333,333,9),(2334,334,9),(2335,335,9),(2336,336,9),(2337,337,9),(2338,338,9),(2339,339,9),(2340,340,9),(2341,341,9),(2342,342,9),(2343,343,9),(2344,344,9),(2345,345,9),(2346,346,9),(2347,347,9),(2348,348,9),(2349,349,9),(2350,350,9),(2351,351,9),(2352,352,9),(2353,353,9),(2354,354,9),(2355,355,9),(2356,356,9),(2357,357,9),(2358,358,9),(2359,359,9),(2360,360,9),(2361,361,9),(2362,362,9),(2363,363,9),(2364,364,9),(2365,365,9),(2366,366,9),(2367,367,9),(2368,368,9),(2369,369,9),(2370,370,9),(2371,371,9),(2372,372,9),(2373,373,9),(2374,374,9),(2375,375,9),(2376,376,9),(2377,377,9),(2378,378,9),(2379,379,9),(2380,380,9),(2381,381,9),(2382,382,9),(2383,383,9),(2384,384,9),(2385,385,9),(2386,386,9),(2387,387,9),(2388,388,9),(2389,389,9),(2390,390,9),(2391,391,9),(2392,392,9),(2393,393,9),(2394,394,9),(2395,395,9),(2396,396,9),(2397,397,9),(2398,398,9),(2399,399,9),(2400,400,9),(2401,401,9),(2402,402,9),(2403,403,9),(2404,404,9),(2405,405,9),(2406,406,9),(2407,407,9),(2408,408,9),(2409,409,9),(2410,410,9),(2411,411,9),(2412,412,9),(2413,413,9),(2414,414,9),(2415,415,9),(2416,416,9),(2417,417,9),(2418,418,9),(2419,419,9),(2420,420,9),(2421,421,9),(2422,422,9),(2423,423,9),(2424,424,9),(2425,425,9),(2426,426,9),(2427,427,9),(2428,428,9),(2429,429,9),(2430,430,9),(2431,431,9),(2432,432,9),(2433,433,9),(2434,434,9),(2435,435,9),(2436,436,9),(2437,437,9),(2438,438,9),(2439,439,9),(2440,440,9),(2441,441,9),(2442,442,9),(2443,443,9),(2444,444,9),(2445,445,9),(2446,446,9),(2447,447,9),(2448,448,9),(2449,449,9),(2450,450,9),(2451,1,10),(2452,2,10),(2453,3,10),(2454,4,10),(2455,5,10),(2456,6,10),(2457,7,10),(2458,8,10),(2459,9,10),(2460,10,10),(2461,11,10),(2462,12,10),(2463,13,10),(2464,14,10),(2465,15,10),(2466,16,10),(2467,17,10),(2468,18,10),(2469,19,10),(2470,20,10),(2471,21,10),(2472,22,10),(2473,23,10),(2474,24,10),(2475,25,10),(2476,26,10),(2477,27,10),(2478,28,10),(2479,29,10),(2480,30,10),(2481,31,10),(2482,32,10),(2483,33,10),(2484,34,10),(2485,35,10),(2486,36,10),(2487,37,10),(2488,38,10),(2489,39,10),(2490,40,10),(2491,41,10),(2492,42,10),(2493,43,10),(2494,44,10),(2495,45,10),(2496,46,10),(2497,47,10),(2498,48,10),(2499,49,10),(2500,50,10),(2501,51,10),(2502,52,10),(2503,53,10),(2504,54,10),(2505,55,10),(2506,56,10),(2507,57,10),(2508,58,10),(2509,59,10),(2510,60,10),(2511,61,10),(2512,62,10),(2513,63,10),(2514,64,10),(2515,65,10),(2516,66,10),(2517,67,10),(2518,68,10),(2519,69,10),(2520,70,10),(2521,71,10),(2522,72,10),(2523,73,10),(2524,74,10),(2525,75,10),(2526,76,10),(2527,77,10),(2528,78,10),(2529,79,10),(2530,80,10),(2531,81,10),(2532,82,10),(2533,83,10),(2534,84,10),(2535,85,10),(2536,86,10),(2537,87,10),(2538,88,10),(2539,89,10),(2540,90,10),(2541,91,10),(2542,92,10),(2543,93,10),(2544,94,10),(2545,95,10),(2546,96,10),(2547,97,10),(2548,98,10),(2549,99,10),(2550,100,10),(2551,101,10),(2552,102,10),(2553,103,10),(2554,104,10),(2555,105,10),(2556,106,10),(2557,107,10),(2558,108,10),(2559,109,10),(2560,110,10),(2561,111,10),(2562,112,10),(2563,113,10),(2564,114,10),(2565,115,10),(2566,116,10),(2567,117,10),(2568,118,10),(2569,119,10),(2570,120,10),(2571,121,10),(2572,122,10),(2573,123,10),(2574,124,10),(2575,125,10),(2576,126,10),(2577,127,10),(2578,128,10),(2579,129,10),(2580,130,10),(2581,131,10),(2582,132,10),(2583,133,10),(2584,134,10),(2585,135,10),(2586,136,10),(2587,137,10),(2588,138,10),(2589,139,10),(2590,140,10),(2591,141,10),(2592,142,10),(2593,143,10),(2594,144,10),(2595,145,10),(2596,146,10),(2597,147,10),(2598,148,10),(2599,149,10),(2600,150,10),(2601,151,10),(2602,152,10),(2603,153,10),(2604,154,10),(2605,155,10),(2606,156,10),(2607,157,10),(2608,158,10),(2609,159,10),(2610,160,10),(2611,161,10),(2612,162,10),(2613,163,10),(2614,164,10),(2615,165,10),(2616,166,10),(2617,167,10),(2618,168,10),(2619,169,10),(2620,170,10),(2621,171,10),(2622,172,10),(2623,173,10),(2624,174,10),(2625,175,10),(2626,176,10),(2627,177,10),(2628,178,10),(2629,179,10),(2630,180,10),(2631,181,10),(2632,182,10),(2633,183,10),(2634,184,10),(2635,185,10),(2636,186,10),(2637,187,10),(2638,188,10),(2639,189,10),(2640,190,10),(2641,191,10),(2642,192,10),(2643,193,10),(2644,194,10),(2645,195,10),(2646,196,10),(2647,197,10),(2648,198,10),(2649,199,10),(2650,200,10),(2651,201,10),(2652,202,10),(2653,203,10),(2654,204,10),(2655,205,10),(2656,206,10),(2657,207,10),(2658,208,10),(2659,209,10),(2660,210,10),(2661,211,10),(2662,212,10),(2663,213,10),(2664,214,10),(2665,215,10),(2666,216,10),(2667,217,10),(2668,218,10),(2669,219,10),(2670,220,10),(2671,221,10),(2672,222,10),(2673,223,10),(2674,224,10),(2675,225,10),(2676,226,10),(2677,227,10),(2678,228,10),(2679,229,10),(2680,230,10),(2681,231,10),(2682,232,10),(2683,233,10),(2684,234,10),(2685,235,10),(2686,236,10),(2687,237,10),(2688,238,10),(2689,239,10),(2690,240,10),(2691,241,10),(2692,242,10),(2693,243,10),(2694,244,10),(2695,245,10),(2696,246,10),(2697,247,10),(2698,248,10),(2699,249,10),(2700,250,10),(2701,1,11),(2702,2,11),(2703,3,11),(2704,4,11),(2705,5,11),(2706,6,11),(2707,7,11),(2708,8,11),(2709,9,11),(2710,10,11),(2711,11,11),(2712,12,11),(2713,13,11),(2714,14,11),(2715,15,11),(2716,16,11),(2717,17,11),(2718,18,11),(2719,19,11),(2720,20,11),(2721,21,11),(2722,22,11),(2723,23,11),(2724,24,11),(2725,25,11),(2726,26,11),(2727,27,11),(2728,28,11),(2729,29,11),(2730,30,11),(2731,31,11),(2732,32,11),(2733,33,11),(2734,34,11),(2735,35,11),(2736,36,11),(2737,37,11),(2738,38,11),(2739,39,11),(2740,40,11),(2741,41,11),(2742,42,11),(2743,43,11),(2744,44,11),(2745,45,11),(2746,46,11),(2747,47,11),(2748,48,11),(2749,49,11),(2750,50,11),(2751,51,11),(2752,52,11),(2753,53,11),(2754,54,11),(2755,55,11),(2756,56,11),(2757,57,11),(2758,58,11),(2759,59,11),(2760,60,11),(2761,61,11),(2762,62,11),(2763,63,11),(2764,64,11),(2765,65,11),(2766,66,11),(2767,67,11),(2768,68,11),(2769,69,11),(2770,70,11),(2771,71,11),(2772,72,11),(2773,73,11),(2774,74,11),(2775,75,11),(2776,76,11),(2777,77,11),(2778,78,11),(2779,79,11),(2780,80,11),(2781,81,11),(2782,82,11),(2783,83,11),(2784,84,11),(2785,85,11),(2786,86,11),(2787,87,11),(2788,88,11),(2789,89,11),(2790,90,11),(2791,91,11),(2792,92,11),(2793,93,11),(2794,94,11),(2795,95,11),(2796,96,11),(2797,97,11),(2798,98,11),(2799,99,11),(2800,100,11),(2801,101,11),(2802,102,11),(2803,103,11),(2804,104,11),(2805,105,11),(2806,106,11),(2807,107,11),(2808,108,11),(2809,109,11),(2810,110,11),(2811,111,11),(2812,112,11),(2813,113,11),(2814,114,11),(2815,115,11),(2816,116,11),(2817,117,11),(2818,118,11),(2819,119,11),(2820,120,11),(2821,121,11),(2822,122,11),(2823,123,11),(2824,124,11),(2825,125,11),(2826,126,11),(2827,127,11),(2828,128,11),(2829,129,11),(2830,130,11),(2831,131,11),(2832,132,11),(2833,133,11),(2834,134,11),(2835,135,11),(2836,136,11),(2837,137,11),(2838,138,11),(2839,139,11),(2840,140,11),(2841,141,11),(2842,142,11),(2843,143,11),(2844,144,11),(2845,145,11),(2846,146,11),(2847,147,11),(2848,148,11),(2849,149,11),(2850,150,11),(2851,151,11),(2852,152,11),(2853,153,11),(2854,154,11),(2855,155,11),(2856,156,11),(2857,157,11),(2858,158,11),(2859,159,11),(2860,160,11),(2861,161,11),(2862,162,11),(2863,163,11),(2864,164,11),(2865,165,11),(2866,166,11),(2867,167,11),(2868,168,11),(2869,169,11),(2870,170,11),(2871,171,11),(2872,172,11),(2873,173,11),(2874,174,11),(2875,175,11),(2876,176,11),(2877,177,11),(2878,178,11),(2879,179,11),(2880,180,11),(2881,181,11),(2882,182,11),(2883,183,11),(2884,184,11),(2885,185,11),(2886,186,11),(2887,187,11),(2888,188,11),(2889,189,11),(2890,190,11),(2891,191,11),(2892,192,11),(2893,193,11),(2894,194,11),(2895,195,11),(2896,196,11),(2897,197,11),(2898,198,11),(2899,199,11),(2900,200,11),(2901,201,11),(2902,202,11),(2903,203,11),(2904,204,11),(2905,205,11),(2906,206,11),(2907,207,11),(2908,208,11),(2909,209,11),(2910,210,11),(2911,211,11),(2912,212,11),(2913,213,11),(2914,214,11),(2915,215,11),(2916,216,11),(2917,217,11),(2918,218,11),(2919,219,11),(2920,220,11),(2921,221,11),(2922,222,11),(2923,223,11),(2924,224,11),(2925,225,11),(2926,226,11),(2927,227,11),(2928,228,11),(2929,229,11),(2930,230,11),(2931,231,11),(2932,232,11),(2933,233,11),(2934,234,11),(2935,235,11),(2936,236,11),(2937,237,11),(2938,238,11),(2939,239,11),(2940,240,11),(2941,241,11),(2942,242,11),(2943,243,11),(2944,244,11),(2945,245,11),(2946,246,11),(2947,247,11),(2948,248,11),(2949,249,11),(2950,250,11),(2951,1,12),(2952,2,12),(2953,3,12),(2954,4,12),(2955,5,12),(2956,6,12),(2957,7,12),(2958,8,12),(2959,9,12),(2960,10,12),(2961,11,12),(2962,12,12),(2963,13,12),(2964,14,12),(2965,15,12),(2966,16,12),(2967,17,12),(2968,18,12),(2969,19,12),(2970,20,12),(2971,21,12),(2972,22,12),(2973,23,12),(2974,24,12),(2975,25,12),(2976,26,12),(2977,27,12),(2978,28,12),(2979,29,12),(2980,30,12),(2981,31,12),(2982,32,12),(2983,33,12),(2984,34,12),(2985,35,12),(2986,36,12),(2987,37,12),(2988,38,12),(2989,39,12),(2990,40,12),(2991,41,12),(2992,42,12),(2993,43,12),(2994,44,12),(2995,45,12),(2996,46,12),(2997,47,12),(2998,48,12),(2999,49,12),(3000,50,12),(3001,51,12),(3002,52,12),(3003,53,12),(3004,54,12),(3005,55,12),(3006,56,12),(3007,57,12),(3008,58,12),(3009,59,12),(3010,60,12),(3011,61,12),(3012,62,12),(3013,63,12),(3014,64,12),(3015,65,12),(3016,66,12),(3017,67,12),(3018,68,12),(3019,69,12),(3020,70,12),(3021,71,12),(3022,72,12),(3023,73,12),(3024,74,12),(3025,75,12),(3026,76,12),(3027,77,12),(3028,78,12),(3029,79,12),(3030,80,12),(3031,81,12),(3032,82,12),(3033,83,12),(3034,84,12),(3035,85,12),(3036,86,12),(3037,87,12),(3038,88,12),(3039,89,12),(3040,90,12),(3041,91,12),(3042,92,12),(3043,93,12),(3044,94,12),(3045,95,12),(3046,96,12),(3047,97,12),(3048,98,12),(3049,99,12),(3050,100,12),(3051,101,12),(3052,102,12),(3053,103,12),(3054,104,12),(3055,105,12),(3056,106,12),(3057,107,12),(3058,108,12),(3059,109,12),(3060,110,12),(3061,111,12),(3062,112,12),(3063,113,12),(3064,114,12),(3065,115,12),(3066,116,12),(3067,117,12),(3068,118,12),(3069,119,12),(3070,120,12),(3071,121,12),(3072,122,12),(3073,123,12),(3074,124,12),(3075,125,12),(3076,126,12),(3077,127,12),(3078,128,12),(3079,129,12),(3080,130,12),(3081,131,12),(3082,132,12),(3083,133,12),(3084,134,12),(3085,135,12),(3086,136,12),(3087,137,12),(3088,138,12),(3089,139,12),(3090,140,12),(3091,141,12),(3092,142,12),(3093,143,12),(3094,144,12),(3095,145,12),(3096,146,12),(3097,147,12),(3098,148,12),(3099,149,12),(3100,150,12),(3101,151,12),(3102,152,12),(3103,153,12),(3104,154,12),(3105,155,12),(3106,156,12),(3107,157,12),(3108,158,12),(3109,159,12),(3110,160,12),(3111,161,12),(3112,162,12),(3113,163,12),(3114,164,12),(3115,165,12),(3116,166,12),(3117,167,12),(3118,168,12),(3119,169,12),(3120,170,12),(3121,171,12),(3122,172,12),(3123,173,12),(3124,174,12),(3125,175,12),(3126,176,12),(3127,177,12),(3128,178,12),(3129,179,12),(3130,180,12),(3131,181,12),(3132,182,12),(3133,183,12),(3134,184,12),(3135,185,12),(3136,186,12),(3137,187,12),(3138,188,12),(3139,189,12),(3140,190,12),(3141,191,12),(3142,192,12),(3143,193,12),(3144,194,12),(3145,195,12),(3146,196,12),(3147,197,12),(3148,198,12),(3149,199,12),(3150,200,12),(3151,201,12),(3152,202,12),(3153,203,12),(3154,204,12),(3155,205,12),(3156,206,12),(3157,207,12),(3158,208,12),(3159,209,12),(3160,210,12),(3161,211,12),(3162,212,12),(3163,213,12),(3164,214,12),(3165,215,12),(3166,216,12),(3167,217,12),(3168,218,12),(3169,219,12),(3170,220,12),(3171,221,12),(3172,222,12),(3173,223,12),(3174,224,12),(3175,225,12),(3176,226,12),(3177,227,12),(3178,228,12),(3179,229,12),(3180,230,12),(3181,231,12),(3182,232,12),(3183,233,12),(3184,234,12),(3185,235,12),(3186,236,12),(3187,237,12),(3188,238,12),(3189,239,12),(3190,240,12),(3191,241,12),(3192,242,12),(3193,243,12),(3194,244,12),(3195,245,12),(3196,246,12),(3197,247,12),(3198,248,12),(3199,249,12),(3200,250,12),(3201,251,12),(3202,252,12),(3203,253,12),(3204,254,12),(3205,255,12),(3206,256,12),(3207,257,12),(3208,258,12),(3209,259,12),(3210,260,12),(3211,261,12),(3212,262,12),(3213,263,12),(3214,264,12),(3215,265,12),(3216,266,12),(3217,267,12),(3218,268,12),(3219,269,12),(3220,270,12),(3221,271,12),(3222,272,12),(3223,273,12),(3224,274,12),(3225,275,12),(3226,276,12),(3227,277,12),(3228,278,12),(3229,279,12),(3230,280,12),(3231,281,12),(3232,282,12),(3233,283,12),(3234,284,12),(3235,285,12),(3236,286,12),(3237,287,12),(3238,288,12),(3239,289,12),(3240,290,12),(3241,291,12),(3242,292,12),(3243,293,12),(3244,294,12),(3245,295,12),(3246,296,12),(3247,297,12),(3248,298,12),(3249,299,12),(3250,300,12),(3251,301,12),(3252,302,12),(3253,303,12),(3254,304,12),(3255,305,12),(3256,306,12),(3257,307,12),(3258,308,12),(3259,309,12),(3260,310,12),(3261,311,12),(3262,312,12),(3263,313,12),(3264,314,12),(3265,315,12),(3266,316,12),(3267,317,12),(3268,318,12),(3269,319,12),(3270,320,12),(3271,321,12),(3272,322,12),(3273,323,12),(3274,324,12),(3275,325,12),(3276,326,12),(3277,327,12),(3278,328,12),(3279,329,12),(3280,330,12),(3281,331,12),(3282,332,12),(3283,333,12),(3284,334,12),(3285,335,12),(3286,336,12),(3287,337,12),(3288,338,12),(3289,339,12),(3290,340,12),(3291,341,12),(3292,342,12),(3293,343,12),(3294,344,12),(3295,345,12),(3296,346,12),(3297,347,12),(3298,348,12),(3299,349,12),(3300,350,12),(3301,351,12),(3302,352,12),(3303,353,12),(3304,354,12),(3305,355,12),(3306,356,12),(3307,357,12),(3308,358,12),(3309,359,12),(3310,360,12),(3311,361,12),(3312,362,12),(3313,363,12),(3314,364,12),(3315,365,12),(3316,366,12),(3317,367,12),(3318,368,12),(3319,369,12),(3320,370,12),(3321,371,12),(3322,372,12),(3323,373,12),(3324,374,12),(3325,375,12),(3326,376,12),(3327,377,12),(3328,378,12),(3329,379,12),(3330,380,12),(3331,381,12),(3332,382,12),(3333,383,12),(3334,384,12),(3335,385,12),(3336,386,12),(3337,387,12),(3338,388,12),(3339,389,12),(3340,390,12),(3341,391,12),(3342,392,12),(3343,393,12),(3344,394,12),(3345,395,12),(3346,396,12),(3347,397,12),(3348,398,12),(3349,399,12),(3350,400,12),(3351,401,12),(3352,402,12),(3353,403,12),(3354,404,12),(3355,405,12),(3356,406,12),(3357,407,12),(3358,408,12),(3359,409,12),(3360,410,12),(3361,411,12),(3362,412,12),(3363,413,12),(3364,414,12),(3365,415,12),(3366,416,12),(3367,417,12),(3368,418,12),(3369,419,12),(3370,420,12),(3371,421,12),(3372,422,12),(3373,423,12),(3374,424,12),(3375,425,12),(3376,426,12),(3377,427,12),(3378,428,12),(3379,429,12),(3380,430,12),(3381,431,12),(3382,432,12),(3383,433,12),(3384,434,12),(3385,435,12),(3386,436,12),(3387,437,12),(3388,438,12),(3389,439,12),(3390,440,12),(3391,441,12),(3392,442,12),(3393,443,12),(3394,444,12),(3395,445,12),(3396,446,12),(3397,447,12),(3398,448,12),(3399,449,12),(3400,450,12),(3401,1,13),(3402,2,13),(3403,3,13),(3404,4,13),(3405,5,13),(3406,6,13),(3407,7,13),(3408,8,13),(3409,9,13),(3410,10,13),(3411,11,13),(3412,12,13),(3413,13,13),(3414,14,13),(3415,15,13),(3416,16,13),(3417,17,13),(3418,18,13),(3419,19,13),(3420,20,13),(3421,21,13),(3422,22,13),(3423,23,13),(3424,24,13),(3425,25,13),(3426,26,13),(3427,27,13),(3428,28,13),(3429,29,13),(3430,30,13),(3431,31,13),(3432,32,13),(3433,33,13),(3434,34,13),(3435,35,13),(3436,36,13),(3437,37,13),(3438,38,13),(3439,39,13),(3440,40,13),(3441,41,13),(3442,42,13),(3443,43,13),(3444,44,13),(3445,45,13),(3446,46,13),(3447,47,13),(3448,48,13),(3449,49,13),(3450,50,13),(3451,51,13),(3452,52,13),(3453,53,13),(3454,54,13),(3455,55,13),(3456,56,13),(3457,57,13),(3458,58,13),(3459,59,13),(3460,60,13),(3461,61,13),(3462,62,13),(3463,63,13),(3464,64,13),(3465,65,13),(3466,66,13),(3467,67,13),(3468,68,13),(3469,69,13),(3470,70,13),(3471,71,13),(3472,72,13),(3473,73,13),(3474,74,13),(3475,75,13),(3476,76,13),(3477,77,13),(3478,78,13),(3479,79,13),(3480,80,13),(3481,81,13),(3482,82,13),(3483,83,13),(3484,84,13),(3485,85,13),(3486,86,13),(3487,87,13),(3488,88,13),(3489,89,13),(3490,90,13),(3491,91,13),(3492,92,13),(3493,93,13),(3494,94,13),(3495,95,13),(3496,96,13),(3497,97,13),(3498,98,13),(3499,99,13),(3500,100,13),(3501,101,13),(3502,102,13),(3503,103,13),(3504,104,13),(3505,105,13),(3506,106,13),(3507,107,13),(3508,108,13),(3509,109,13),(3510,110,13),(3511,111,13),(3512,112,13),(3513,113,13),(3514,114,13),(3515,115,13),(3516,116,13),(3517,117,13),(3518,118,13),(3519,119,13),(3520,120,13),(3521,121,13),(3522,122,13),(3523,123,13),(3524,124,13),(3525,125,13),(3526,126,13),(3527,127,13),(3528,128,13),(3529,129,13),(3530,130,13),(3531,131,13),(3532,132,13),(3533,133,13),(3534,134,13),(3535,135,13),(3536,136,13),(3537,137,13),(3538,138,13),(3539,139,13),(3540,140,13),(3541,141,13),(3542,142,13),(3543,143,13),(3544,144,13),(3545,145,13),(3546,146,13),(3547,147,13),(3548,148,13),(3549,149,13),(3550,150,13),(3551,151,13),(3552,152,13),(3553,153,13),(3554,154,13),(3555,155,13),(3556,156,13),(3557,157,13),(3558,158,13),(3559,159,13),(3560,160,13),(3561,161,13),(3562,162,13),(3563,163,13),(3564,164,13),(3565,165,13),(3566,166,13),(3567,167,13),(3568,168,13),(3569,169,13),(3570,170,13),(3571,171,13),(3572,172,13),(3573,173,13),(3574,174,13),(3575,175,13),(3576,176,13),(3577,177,13),(3578,178,13),(3579,179,13),(3580,180,13),(3581,181,13),(3582,182,13),(3583,183,13),(3584,184,13),(3585,185,13),(3586,186,13),(3587,187,13),(3588,188,13),(3589,189,13),(3590,190,13),(3591,191,13),(3592,192,13),(3593,193,13),(3594,194,13),(3595,195,13),(3596,196,13),(3597,197,13),(3598,198,13),(3599,199,13),(3600,200,13),(3601,201,13),(3602,202,13),(3603,203,13),(3604,204,13),(3605,205,13),(3606,206,13),(3607,207,13),(3608,208,13),(3609,209,13),(3610,210,13),(3611,211,13),(3612,212,13),(3613,213,13),(3614,214,13),(3615,215,13),(3616,216,13),(3617,217,13),(3618,218,13),(3619,219,13),(3620,220,13),(3621,221,13),(3622,222,13),(3623,223,13),(3624,224,13),(3625,225,13),(3626,226,13),(3627,227,13),(3628,228,13),(3629,229,13),(3630,230,13),(3631,231,13),(3632,232,13),(3633,233,13),(3634,234,13),(3635,235,13),(3636,236,13),(3637,237,13),(3638,238,13),(3639,239,13),(3640,240,13),(3641,241,13),(3642,242,13),(3643,243,13),(3644,244,13),(3645,245,13),(3646,246,13),(3647,247,13),(3648,248,13),(3649,249,13),(3650,250,13),(3651,251,13),(3652,252,13),(3653,253,13),(3654,254,13),(3655,255,13),(3656,256,13),(3657,257,13),(3658,258,13),(3659,259,13),(3660,260,13),(3661,261,13),(3662,262,13),(3663,263,13),(3664,264,13),(3665,265,13),(3666,266,13),(3667,267,13),(3668,268,13),(3669,269,13),(3670,270,13),(3671,271,13),(3672,272,13),(3673,273,13),(3674,274,13),(3675,275,13),(3676,276,13),(3677,277,13),(3678,278,13),(3679,279,13),(3680,280,13),(3681,281,13),(3682,282,13),(3683,283,13),(3684,284,13),(3685,285,13),(3686,286,13),(3687,287,13),(3688,288,13),(3689,289,13),(3690,290,13),(3691,291,13),(3692,292,13),(3693,293,13),(3694,294,13),(3695,295,13),(3696,296,13),(3697,297,13),(3698,298,13),(3699,299,13),(3700,300,13),(3701,1,14),(3702,2,14),(3703,3,14),(3704,4,14),(3705,5,14),(3706,6,14),(3707,7,14),(3708,8,14),(3709,9,14),(3710,10,14),(3711,11,14),(3712,12,14),(3713,13,14),(3714,14,14),(3715,15,14),(3716,16,14),(3717,17,14),(3718,18,14),(3719,19,14),(3720,20,14),(3721,21,14),(3722,22,14),(3723,23,14),(3724,24,14),(3725,25,14),(3726,26,14),(3727,27,14),(3728,28,14),(3729,29,14),(3730,30,14),(3731,31,14),(3732,32,14),(3733,33,14),(3734,34,14),(3735,35,14),(3736,36,14),(3737,37,14),(3738,38,14),(3739,39,14),(3740,40,14),(3741,41,14),(3742,42,14),(3743,43,14),(3744,44,14),(3745,45,14),(3746,46,14),(3747,47,14),(3748,48,14),(3749,49,14),(3750,50,14),(3751,51,14),(3752,52,14),(3753,53,14),(3754,54,14),(3755,55,14),(3756,56,14),(3757,57,14),(3758,58,14),(3759,59,14),(3760,60,14),(3761,61,14),(3762,62,14),(3763,63,14),(3764,64,14),(3765,65,14),(3766,66,14),(3767,67,14),(3768,68,14),(3769,69,14),(3770,70,14),(3771,71,14),(3772,72,14),(3773,73,14),(3774,74,14),(3775,75,14),(3776,76,14),(3777,77,14),(3778,78,14),(3779,79,14),(3780,80,14),(3781,81,14),(3782,82,14),(3783,83,14),(3784,84,14),(3785,85,14),(3786,86,14),(3787,87,14),(3788,88,14),(3789,89,14),(3790,90,14),(3791,91,14),(3792,92,14),(3793,93,14),(3794,94,14),(3795,95,14),(3796,96,14),(3797,97,14),(3798,98,14),(3799,99,14),(3800,100,14),(3801,101,14),(3802,102,14),(3803,103,14),(3804,104,14),(3805,105,14),(3806,106,14),(3807,107,14),(3808,108,14),(3809,109,14),(3810,110,14),(3811,111,14),(3812,112,14),(3813,113,14),(3814,114,14),(3815,115,14),(3816,116,14),(3817,117,14),(3818,118,14),(3819,119,14),(3820,120,14),(3821,121,14),(3822,122,14),(3823,123,14),(3824,124,14),(3825,125,14),(3826,126,14),(3827,127,14),(3828,128,14),(3829,129,14),(3830,130,14),(3831,131,14),(3832,132,14),(3833,133,14),(3834,134,14),(3835,135,14),(3836,136,14),(3837,137,14),(3838,138,14),(3839,139,14),(3840,140,14),(3841,141,14),(3842,142,14),(3843,143,14),(3844,144,14),(3845,145,14),(3846,146,14),(3847,147,14),(3848,148,14),(3849,149,14),(3850,150,14),(3851,151,14),(3852,152,14),(3853,153,14),(3854,154,14),(3855,155,14),(3856,156,14),(3857,157,14),(3858,158,14),(3859,159,14),(3860,160,14),(3861,161,14),(3862,162,14),(3863,163,14),(3864,164,14),(3865,165,14),(3866,166,14),(3867,167,14),(3868,168,14),(3869,169,14),(3870,170,14),(3871,171,14),(3872,172,14),(3873,173,14),(3874,174,14),(3875,175,14),(3876,176,14),(3877,177,14),(3878,178,14),(3879,179,14),(3880,180,14),(3881,181,14),(3882,182,14),(3883,183,14),(3884,184,14),(3885,185,14),(3886,186,14),(3887,187,14),(3888,188,14),(3889,189,14),(3890,190,14),(3891,191,14),(3892,192,14),(3893,193,14),(3894,194,14),(3895,195,14),(3896,196,14),(3897,197,14),(3898,198,14),(3899,199,14),(3900,200,14),(3901,201,14),(3902,202,14),(3903,203,14),(3904,204,14),(3905,205,14),(3906,206,14),(3907,207,14),(3908,208,14),(3909,209,14),(3910,210,14),(3911,211,14),(3912,212,14),(3913,213,14),(3914,214,14),(3915,215,14),(3916,216,14),(3917,217,14),(3918,218,14),(3919,219,14),(3920,220,14),(3921,221,14),(3922,222,14),(3923,223,14),(3924,224,14),(3925,225,14),(3926,226,14),(3927,227,14),(3928,228,14),(3929,229,14),(3930,230,14),(3931,231,14),(3932,232,14),(3933,233,14),(3934,234,14),(3935,235,14),(3936,236,14),(3937,237,14),(3938,238,14),(3939,239,14),(3940,240,14),(3941,241,14),(3942,242,14),(3943,243,14),(3944,244,14),(3945,245,14),(3946,246,14),(3947,247,14),(3948,248,14),(3949,249,14),(3950,250,14),(3951,251,14),(3952,252,14),(3953,253,14),(3954,254,14),(3955,255,14),(3956,256,14),(3957,257,14),(3958,258,14),(3959,259,14),(3960,260,14),(3961,261,14),(3962,262,14),(3963,263,14),(3964,264,14),(3965,265,14),(3966,266,14),(3967,267,14),(3968,268,14),(3969,269,14),(3970,270,14),(3971,271,14),(3972,272,14),(3973,273,14),(3974,274,14),(3975,275,14),(3976,276,14),(3977,277,14),(3978,278,14),(3979,279,14),(3980,280,14),(3981,281,14),(3982,282,14),(3983,283,14),(3984,284,14),(3985,285,14),(3986,286,14),(3987,287,14),(3988,288,14),(3989,289,14),(3990,290,14),(3991,291,14),(3992,292,14),(3993,293,14),(3994,294,14),(3995,295,14),(3996,296,14),(3997,297,14),(3998,298,14),(3999,299,14),(4000,300,14),(4001,1,15),(4002,2,15),(4003,3,15),(4004,4,15),(4005,5,15),(4006,6,15),(4007,7,15),(4008,8,15),(4009,9,15),(4010,10,15),(4011,11,15),(4012,12,15),(4013,13,15),(4014,14,15),(4015,15,15),(4016,16,15),(4017,17,15),(4018,18,15),(4019,19,15),(4020,20,15),(4021,21,15),(4022,22,15),(4023,23,15),(4024,24,15),(4025,25,15),(4026,26,15),(4027,27,15),(4028,28,15),(4029,29,15),(4030,30,15),(4031,31,15),(4032,32,15),(4033,33,15),(4034,34,15),(4035,35,15),(4036,36,15),(4037,37,15),(4038,38,15),(4039,39,15),(4040,40,15),(4041,41,15),(4042,42,15),(4043,43,15),(4044,44,15),(4045,45,15),(4046,46,15),(4047,47,15),(4048,48,15),(4049,49,15),(4050,50,15),(4051,51,15),(4052,52,15),(4053,53,15),(4054,54,15),(4055,55,15),(4056,56,15),(4057,57,15),(4058,58,15),(4059,59,15),(4060,60,15),(4061,61,15),(4062,62,15),(4063,63,15),(4064,64,15),(4065,65,15),(4066,66,15),(4067,67,15),(4068,68,15),(4069,69,15),(4070,70,15),(4071,71,15),(4072,72,15),(4073,73,15),(4074,74,15),(4075,75,15),(4076,76,15),(4077,77,15),(4078,78,15),(4079,79,15),(4080,80,15),(4081,81,15),(4082,82,15),(4083,83,15),(4084,84,15),(4085,85,15),(4086,86,15),(4087,87,15),(4088,88,15),(4089,89,15),(4090,90,15),(4091,91,15),(4092,92,15),(4093,93,15),(4094,94,15),(4095,95,15),(4096,96,15),(4097,97,15),(4098,98,15),(4099,99,15),(4100,100,15),(4101,101,15),(4102,102,15),(4103,103,15),(4104,104,15),(4105,105,15),(4106,106,15),(4107,107,15),(4108,108,15),(4109,109,15),(4110,110,15),(4111,111,15),(4112,112,15),(4113,113,15),(4114,114,15),(4115,115,15),(4116,116,15),(4117,117,15),(4118,118,15),(4119,119,15),(4120,120,15),(4121,121,15),(4122,122,15),(4123,123,15),(4124,124,15),(4125,125,15),(4126,126,15),(4127,127,15),(4128,128,15),(4129,129,15),(4130,130,15),(4131,131,15),(4132,132,15),(4133,133,15),(4134,134,15),(4135,135,15),(4136,136,15),(4137,137,15),(4138,138,15),(4139,139,15),(4140,140,15),(4141,141,15),(4142,142,15),(4143,143,15),(4144,144,15),(4145,145,15),(4146,146,15),(4147,147,15),(4148,148,15),(4149,149,15),(4150,150,15),(4151,151,15),(4152,152,15),(4153,153,15),(4154,154,15),(4155,155,15),(4156,156,15),(4157,157,15),(4158,158,15),(4159,159,15),(4160,160,15),(4161,161,15),(4162,162,15),(4163,163,15),(4164,164,15),(4165,165,15),(4166,166,15),(4167,167,15),(4168,168,15),(4169,169,15),(4170,170,15),(4171,171,15),(4172,172,15),(4173,173,15),(4174,174,15),(4175,175,15),(4176,176,15),(4177,177,15),(4178,178,15),(4179,179,15),(4180,180,15),(4181,181,15),(4182,182,15),(4183,183,15),(4184,184,15),(4185,185,15),(4186,186,15),(4187,187,15),(4188,188,15),(4189,189,15),(4190,190,15),(4191,191,15),(4192,192,15),(4193,193,15),(4194,194,15),(4195,195,15),(4196,196,15),(4197,197,15),(4198,198,15),(4199,199,15),(4200,200,15),(4201,201,15),(4202,202,15),(4203,203,15),(4204,204,15),(4205,205,15),(4206,206,15),(4207,207,15),(4208,208,15),(4209,209,15),(4210,210,15),(4211,211,15),(4212,212,15),(4213,213,15),(4214,214,15),(4215,215,15),(4216,216,15),(4217,217,15),(4218,218,15),(4219,219,15),(4220,220,15),(4221,221,15),(4222,222,15),(4223,223,15),(4224,224,15),(4225,225,15),(4226,226,15),(4227,227,15),(4228,228,15),(4229,229,15),(4230,230,15),(4231,231,15),(4232,232,15),(4233,233,15),(4234,234,15),(4235,235,15),(4236,236,15),(4237,237,15),(4238,238,15),(4239,239,15),(4240,240,15),(4241,241,15),(4242,242,15),(4243,243,15),(4244,244,15),(4245,245,15),(4246,246,15),(4247,247,15),(4248,248,15),(4249,249,15),(4250,250,15),(4251,1,16),(4252,2,16),(4253,3,16),(4254,4,16),(4255,5,16),(4256,6,16),(4257,7,16),(4258,8,16),(4259,9,16),(4260,10,16),(4261,11,16),(4262,12,16),(4263,13,16),(4264,14,16),(4265,15,16),(4266,16,16),(4267,17,16),(4268,18,16),(4269,19,16),(4270,20,16),(4271,21,16),(4272,22,16),(4273,23,16),(4274,24,16),(4275,25,16),(4276,26,16),(4277,27,16),(4278,28,16),(4279,29,16),(4280,30,16),(4281,31,16),(4282,32,16),(4283,33,16),(4284,34,16),(4285,35,16),(4286,36,16),(4287,37,16),(4288,38,16),(4289,39,16),(4290,40,16),(4291,41,16),(4292,42,16),(4293,43,16),(4294,44,16),(4295,45,16),(4296,46,16),(4297,47,16),(4298,48,16),(4299,49,16),(4300,50,16),(4301,51,16),(4302,52,16),(4303,53,16),(4304,54,16),(4305,55,16),(4306,56,16),(4307,57,16),(4308,58,16),(4309,59,16),(4310,60,16),(4311,61,16),(4312,62,16),(4313,63,16),(4314,64,16),(4315,65,16),(4316,66,16),(4317,67,16),(4318,68,16),(4319,69,16),(4320,70,16),(4321,71,16),(4322,72,16),(4323,73,16),(4324,74,16),(4325,75,16),(4326,76,16),(4327,77,16),(4328,78,16),(4329,79,16),(4330,80,16),(4331,81,16),(4332,82,16),(4333,83,16),(4334,84,16),(4335,85,16),(4336,86,16),(4337,87,16),(4338,88,16),(4339,89,16),(4340,90,16),(4341,91,16),(4342,92,16),(4343,93,16),(4344,94,16),(4345,95,16),(4346,96,16),(4347,97,16),(4348,98,16),(4349,99,16),(4350,100,16),(4351,101,16),(4352,102,16),(4353,103,16),(4354,104,16),(4355,105,16),(4356,106,16),(4357,107,16),(4358,108,16),(4359,109,16),(4360,110,16),(4361,111,16),(4362,112,16),(4363,113,16),(4364,114,16),(4365,115,16),(4366,116,16),(4367,117,16),(4368,118,16),(4369,119,16),(4370,120,16),(4371,121,16),(4372,122,16),(4373,123,16),(4374,124,16),(4375,125,16),(4376,126,16),(4377,127,16),(4378,128,16),(4379,129,16),(4380,130,16),(4381,131,16),(4382,132,16),(4383,133,16),(4384,134,16),(4385,135,16),(4386,136,16),(4387,137,16),(4388,138,16),(4389,139,16),(4390,140,16),(4391,141,16),(4392,142,16),(4393,143,16),(4394,144,16),(4395,145,16),(4396,146,16),(4397,147,16),(4398,148,16),(4399,149,16),(4400,150,16),(4401,151,16),(4402,152,16),(4403,153,16),(4404,154,16),(4405,155,16),(4406,156,16),(4407,157,16),(4408,158,16),(4409,159,16),(4410,160,16),(4411,161,16),(4412,162,16),(4413,163,16),(4414,164,16),(4415,165,16),(4416,166,16),(4417,167,16),(4418,168,16),(4419,169,16),(4420,170,16),(4421,171,16),(4422,172,16),(4423,173,16),(4424,174,16),(4425,175,16),(4426,176,16),(4427,177,16),(4428,178,16),(4429,179,16),(4430,180,16),(4431,181,16),(4432,182,16),(4433,183,16),(4434,184,16),(4435,185,16),(4436,186,16),(4437,187,16),(4438,188,16),(4439,189,16),(4440,190,16),(4441,191,16),(4442,192,16),(4443,193,16),(4444,194,16),(4445,195,16),(4446,196,16),(4447,197,16),(4448,198,16),(4449,199,16),(4450,200,16),(4451,201,16),(4452,202,16),(4453,203,16),(4454,204,16),(4455,205,16),(4456,206,16),(4457,207,16),(4458,208,16),(4459,209,16),(4460,210,16),(4461,211,16),(4462,212,16),(4463,213,16),(4464,214,16),(4465,215,16),(4466,216,16),(4467,217,16),(4468,218,16),(4469,219,16),(4470,220,16),(4471,221,16),(4472,222,16),(4473,223,16),(4474,224,16),(4475,225,16),(4476,226,16),(4477,227,16),(4478,228,16),(4479,229,16),(4480,230,16),(4481,231,16),(4482,232,16),(4483,233,16),(4484,234,16),(4485,235,16),(4486,236,16),(4487,237,16),(4488,238,16),(4489,239,16),(4490,240,16),(4491,241,16),(4492,242,16),(4493,243,16),(4494,244,16),(4495,245,16),(4496,246,16),(4497,247,16),(4498,248,16),(4499,249,16),(4500,250,16),(4501,1,17),(4502,2,17),(4503,3,17),(4504,4,17),(4505,5,17),(4506,6,17),(4507,7,17),(4508,8,17),(4509,9,17),(4510,10,17),(4511,11,17),(4512,12,17),(4513,13,17),(4514,14,17),(4515,15,17),(4516,16,17),(4517,17,17),(4518,18,17),(4519,19,17),(4520,20,17),(4521,21,17),(4522,22,17),(4523,23,17),(4524,24,17),(4525,25,17),(4526,26,17),(4527,27,17),(4528,28,17),(4529,29,17),(4530,30,17),(4531,31,17),(4532,32,17),(4533,33,17),(4534,34,17),(4535,35,17),(4536,36,17),(4537,37,17),(4538,38,17),(4539,39,17),(4540,40,17),(4541,41,17),(4542,42,17),(4543,43,17),(4544,44,17),(4545,45,17),(4546,46,17),(4547,47,17),(4548,48,17),(4549,49,17),(4550,50,17),(4551,51,17),(4552,52,17),(4553,53,17),(4554,54,17),(4555,55,17),(4556,56,17),(4557,57,17),(4558,58,17),(4559,59,17),(4560,60,17),(4561,61,17),(4562,62,17),(4563,63,17),(4564,64,17),(4565,65,17),(4566,66,17),(4567,67,17),(4568,68,17),(4569,69,17),(4570,70,17),(4571,71,17),(4572,72,17),(4573,73,17),(4574,74,17),(4575,75,17),(4576,76,17),(4577,77,17),(4578,78,17),(4579,79,17),(4580,80,17),(4581,81,17),(4582,82,17),(4583,83,17),(4584,84,17),(4585,85,17),(4586,86,17),(4587,87,17),(4588,88,17),(4589,89,17),(4590,90,17),(4591,91,17),(4592,92,17),(4593,93,17),(4594,94,17),(4595,95,17),(4596,96,17),(4597,97,17),(4598,98,17),(4599,99,17),(4600,100,17),(4601,101,17),(4602,102,17),(4603,103,17),(4604,104,17),(4605,105,17),(4606,106,17),(4607,107,17),(4608,108,17),(4609,109,17),(4610,110,17),(4611,111,17),(4612,112,17),(4613,113,17),(4614,114,17),(4615,115,17),(4616,116,17),(4617,117,17),(4618,118,17),(4619,119,17),(4620,120,17),(4621,121,17),(4622,122,17),(4623,123,17),(4624,124,17),(4625,125,17),(4626,126,17),(4627,127,17),(4628,128,17),(4629,129,17),(4630,130,17),(4631,131,17),(4632,132,17),(4633,133,17),(4634,134,17),(4635,135,17),(4636,136,17),(4637,137,17),(4638,138,17),(4639,139,17),(4640,140,17),(4641,141,17),(4642,142,17),(4643,143,17),(4644,144,17),(4645,145,17),(4646,146,17),(4647,147,17),(4648,148,17),(4649,149,17),(4650,150,17),(4651,151,17),(4652,152,17),(4653,153,17),(4654,154,17),(4655,155,17),(4656,156,17),(4657,157,17),(4658,158,17),(4659,159,17),(4660,160,17),(4661,161,17),(4662,162,17),(4663,163,17),(4664,164,17),(4665,165,17),(4666,166,17),(4667,167,17),(4668,168,17),(4669,169,17),(4670,170,17),(4671,171,17),(4672,172,17),(4673,173,17),(4674,174,17),(4675,175,17),(4676,176,17),(4677,177,17),(4678,178,17),(4679,179,17),(4680,180,17),(4681,181,17),(4682,182,17),(4683,183,17),(4684,184,17),(4685,185,17),(4686,186,17),(4687,187,17),(4688,188,17),(4689,189,17),(4690,190,17),(4691,191,17),(4692,192,17),(4693,193,17),(4694,194,17),(4695,195,17),(4696,196,17),(4697,197,17),(4698,198,17),(4699,199,17),(4700,200,17),(4701,201,17),(4702,202,17),(4703,203,17),(4704,204,17),(4705,205,17),(4706,206,17),(4707,207,17),(4708,208,17),(4709,209,17),(4710,210,17),(4711,211,17),(4712,212,17),(4713,213,17),(4714,214,17),(4715,215,17),(4716,216,17),(4717,217,17),(4718,218,17),(4719,219,17),(4720,220,17),(4721,221,17),(4722,222,17),(4723,223,17),(4724,224,17),(4725,225,17),(4726,226,17),(4727,227,17),(4728,228,17),(4729,229,17),(4730,230,17),(4731,231,17),(4732,232,17),(4733,233,17),(4734,234,17),(4735,235,17),(4736,236,17),(4737,237,17),(4738,238,17),(4739,239,17),(4740,240,17),(4741,241,17),(4742,242,17),(4743,243,17),(4744,244,17),(4745,245,17),(4746,246,17),(4747,247,17),(4748,248,17),(4749,249,17),(4750,250,17),(4751,251,17),(4752,252,17),(4753,253,17),(4754,254,17),(4755,255,17),(4756,256,17),(4757,257,17),(4758,258,17),(4759,259,17),(4760,260,17),(4761,261,17),(4762,262,17),(4763,263,17),(4764,264,17),(4765,265,17),(4766,266,17),(4767,267,17),(4768,268,17),(4769,269,17),(4770,270,17),(4771,271,17),(4772,272,17),(4773,273,17),(4774,274,17),(4775,275,17),(4776,276,17),(4777,277,17),(4778,278,17),(4779,279,17),(4780,280,17),(4781,281,17),(4782,282,17),(4783,283,17),(4784,284,17),(4785,285,17),(4786,286,17),(4787,287,17),(4788,288,17),(4789,289,17),(4790,290,17),(4791,291,17),(4792,292,17),(4793,293,17),(4794,294,17),(4795,295,17),(4796,296,17),(4797,297,17),(4798,298,17),(4799,299,17),(4800,300,17),(4801,1,18),(4802,2,18),(4803,3,18),(4804,4,18),(4805,5,18),(4806,6,18),(4807,7,18),(4808,8,18),(4809,9,18),(4810,10,18),(4811,11,18),(4812,12,18),(4813,13,18),(4814,14,18),(4815,15,18),(4816,16,18),(4817,17,18),(4818,18,18),(4819,19,18),(4820,20,18),(4821,21,18),(4822,22,18),(4823,23,18),(4824,24,18),(4825,25,18),(4826,26,18),(4827,27,18),(4828,28,18),(4829,29,18),(4830,30,18),(4831,31,18),(4832,32,18),(4833,33,18),(4834,34,18),(4835,35,18),(4836,36,18),(4837,37,18),(4838,38,18),(4839,39,18),(4840,40,18),(4841,41,18),(4842,42,18),(4843,43,18),(4844,44,18),(4845,45,18),(4846,46,18),(4847,47,18),(4848,48,18),(4849,49,18),(4850,50,18),(4851,51,18),(4852,52,18),(4853,53,18),(4854,54,18),(4855,55,18),(4856,56,18),(4857,57,18),(4858,58,18),(4859,59,18),(4860,60,18),(4861,61,18),(4862,62,18),(4863,63,18),(4864,64,18),(4865,65,18),(4866,66,18),(4867,67,18),(4868,68,18),(4869,69,18),(4870,70,18),(4871,71,18),(4872,72,18),(4873,73,18),(4874,74,18),(4875,75,18),(4876,76,18),(4877,77,18),(4878,78,18),(4879,79,18),(4880,80,18),(4881,81,18),(4882,82,18),(4883,83,18),(4884,84,18),(4885,85,18),(4886,86,18),(4887,87,18),(4888,88,18),(4889,89,18),(4890,90,18),(4891,91,18),(4892,92,18),(4893,93,18),(4894,94,18),(4895,95,18),(4896,96,18),(4897,97,18),(4898,98,18),(4899,99,18),(4900,100,18),(4901,101,18),(4902,102,18),(4903,103,18),(4904,104,18),(4905,105,18),(4906,106,18),(4907,107,18),(4908,108,18),(4909,109,18),(4910,110,18),(4911,111,18),(4912,112,18),(4913,113,18),(4914,114,18),(4915,115,18),(4916,116,18),(4917,117,18),(4918,118,18),(4919,119,18),(4920,120,18),(4921,121,18),(4922,122,18),(4923,123,18),(4924,124,18),(4925,125,18),(4926,126,18),(4927,127,18),(4928,128,18),(4929,129,18),(4930,130,18),(4931,131,18),(4932,132,18),(4933,133,18),(4934,134,18),(4935,135,18),(4936,136,18),(4937,137,18),(4938,138,18),(4939,139,18),(4940,140,18),(4941,141,18),(4942,142,18),(4943,143,18),(4944,144,18),(4945,145,18),(4946,146,18),(4947,147,18),(4948,148,18),(4949,149,18),(4950,150,18),(4951,151,18),(4952,152,18),(4953,153,18),(4954,154,18),(4955,155,18),(4956,156,18),(4957,157,18),(4958,158,18),(4959,159,18),(4960,160,18),(4961,161,18),(4962,162,18),(4963,163,18),(4964,164,18),(4965,165,18),(4966,166,18),(4967,167,18),(4968,168,18),(4969,169,18),(4970,170,18),(4971,171,18),(4972,172,18),(4973,173,18),(4974,174,18),(4975,175,18),(4976,176,18),(4977,177,18),(4978,178,18),(4979,179,18),(4980,180,18),(4981,181,18),(4982,182,18),(4983,183,18),(4984,184,18),(4985,185,18),(4986,186,18),(4987,187,18),(4988,188,18),(4989,189,18),(4990,190,18),(4991,191,18),(4992,192,18),(4993,193,18),(4994,194,18),(4995,195,18),(4996,196,18),(4997,197,18),(4998,198,18),(4999,199,18),(5000,200,18),(5001,201,18),(5002,202,18),(5003,203,18),(5004,204,18),(5005,205,18),(5006,206,18),(5007,207,18),(5008,208,18),(5009,209,18),(5010,210,18),(5011,211,18),(5012,212,18),(5013,213,18),(5014,214,18),(5015,215,18),(5016,216,18),(5017,217,18),(5018,218,18),(5019,219,18),(5020,220,18),(5021,221,18),(5022,222,18),(5023,223,18),(5024,224,18),(5025,225,18),(5026,226,18),(5027,227,18),(5028,228,18),(5029,229,18),(5030,230,18),(5031,231,18),(5032,232,18),(5033,233,18),(5034,234,18),(5035,235,18),(5036,236,18),(5037,237,18),(5038,238,18),(5039,239,18),(5040,240,18),(5041,241,18),(5042,242,18),(5043,243,18),(5044,244,18),(5045,245,18),(5046,246,18),(5047,247,18),(5048,248,18),(5049,249,18),(5050,250,18),(5051,251,18),(5052,252,18),(5053,253,18),(5054,254,18),(5055,255,18),(5056,256,18),(5057,257,18),(5058,258,18),(5059,259,18),(5060,260,18),(5061,261,18),(5062,262,18),(5063,263,18),(5064,264,18),(5065,265,18),(5066,266,18),(5067,267,18),(5068,268,18),(5069,269,18),(5070,270,18),(5071,271,18),(5072,272,18),(5073,273,18),(5074,274,18),(5075,275,18),(5076,276,18),(5077,277,18),(5078,278,18),(5079,279,18),(5080,280,18),(5081,281,18),(5082,282,18),(5083,283,18),(5084,284,18),(5085,285,18),(5086,286,18),(5087,287,18),(5088,288,18),(5089,289,18),(5090,290,18),(5091,291,18),(5092,292,18),(5093,293,18),(5094,294,18),(5095,295,18),(5096,296,18),(5097,297,18),(5098,298,18),(5099,299,18),(5100,300,18),(5101,1,19),(5102,2,19),(5103,3,19),(5104,4,19),(5105,5,19),(5106,6,19),(5107,7,19),(5108,8,19),(5109,9,19),(5110,10,19),(5111,11,19),(5112,12,19),(5113,13,19),(5114,14,19),(5115,15,19),(5116,16,19),(5117,17,19),(5118,18,19),(5119,19,19),(5120,20,19),(5121,21,19),(5122,22,19),(5123,23,19),(5124,24,19),(5125,25,19),(5126,26,19),(5127,27,19),(5128,28,19),(5129,29,19),(5130,30,19),(5131,31,19),(5132,32,19),(5133,33,19),(5134,34,19),(5135,35,19),(5136,36,19),(5137,37,19),(5138,38,19),(5139,39,19),(5140,40,19),(5141,41,19),(5142,42,19),(5143,43,19),(5144,44,19),(5145,45,19),(5146,46,19),(5147,47,19),(5148,48,19),(5149,49,19),(5150,50,19),(5151,51,19),(5152,52,19),(5153,53,19),(5154,54,19),(5155,55,19),(5156,56,19),(5157,57,19),(5158,58,19),(5159,59,19),(5160,60,19),(5161,61,19),(5162,62,19),(5163,63,19),(5164,64,19),(5165,65,19),(5166,66,19),(5167,67,19),(5168,68,19),(5169,69,19),(5170,70,19),(5171,71,19),(5172,72,19),(5173,73,19),(5174,74,19),(5175,75,19),(5176,76,19),(5177,77,19),(5178,78,19),(5179,79,19),(5180,80,19),(5181,81,19),(5182,82,19),(5183,83,19),(5184,84,19),(5185,85,19),(5186,86,19),(5187,87,19),(5188,88,19),(5189,89,19),(5190,90,19),(5191,91,19),(5192,92,19),(5193,93,19),(5194,94,19),(5195,95,19),(5196,96,19),(5197,97,19),(5198,98,19),(5199,99,19),(5200,100,19),(5201,101,19),(5202,102,19),(5203,103,19),(5204,104,19),(5205,105,19),(5206,106,19),(5207,107,19),(5208,108,19),(5209,109,19),(5210,110,19),(5211,111,19),(5212,112,19),(5213,113,19),(5214,114,19),(5215,115,19),(5216,116,19),(5217,117,19),(5218,118,19),(5219,119,19),(5220,120,19),(5221,121,19),(5222,122,19),(5223,123,19),(5224,124,19),(5225,125,19),(5226,126,19),(5227,127,19),(5228,128,19),(5229,129,19),(5230,130,19),(5231,131,19),(5232,132,19),(5233,133,19),(5234,134,19),(5235,135,19),(5236,136,19),(5237,137,19),(5238,138,19),(5239,139,19),(5240,140,19),(5241,141,19),(5242,142,19),(5243,143,19),(5244,144,19),(5245,145,19),(5246,146,19),(5247,147,19),(5248,148,19),(5249,149,19),(5250,150,19),(5251,151,19),(5252,152,19),(5253,153,19),(5254,154,19),(5255,155,19),(5256,156,19),(5257,157,19),(5258,158,19),(5259,159,19),(5260,160,19),(5261,161,19),(5262,162,19),(5263,163,19),(5264,164,19),(5265,165,19),(5266,166,19),(5267,167,19),(5268,168,19),(5269,169,19),(5270,170,19),(5271,171,19),(5272,172,19),(5273,173,19),(5274,174,19),(5275,175,19),(5276,176,19),(5277,177,19),(5278,178,19),(5279,179,19),(5280,180,19),(5281,181,19),(5282,182,19),(5283,183,19),(5284,184,19),(5285,185,19),(5286,186,19),(5287,187,19),(5288,188,19),(5289,189,19),(5290,190,19),(5291,191,19),(5292,192,19),(5293,193,19),(5294,194,19),(5295,195,19),(5296,196,19),(5297,197,19),(5298,198,19),(5299,199,19),(5300,200,19),(5301,1,20),(5302,2,20),(5303,3,20),(5304,4,20),(5305,5,20),(5306,6,20),(5307,7,20),(5308,8,20),(5309,9,20),(5310,10,20),(5311,11,20),(5312,12,20),(5313,13,20),(5314,14,20),(5315,15,20),(5316,16,20),(5317,17,20),(5318,18,20),(5319,19,20),(5320,20,20),(5321,21,20),(5322,22,20),(5323,23,20),(5324,24,20),(5325,25,20),(5326,26,20),(5327,27,20),(5328,28,20),(5329,29,20),(5330,30,20),(5331,31,20),(5332,32,20),(5333,33,20),(5334,34,20),(5335,35,20),(5336,36,20),(5337,37,20),(5338,38,20),(5339,39,20),(5340,40,20),(5341,41,20),(5342,42,20),(5343,43,20),(5344,44,20),(5345,45,20),(5346,46,20),(5347,47,20),(5348,48,20),(5349,49,20),(5350,50,20),(5351,51,20),(5352,52,20),(5353,53,20),(5354,54,20),(5355,55,20),(5356,56,20),(5357,57,20),(5358,58,20),(5359,59,20),(5360,60,20),(5361,61,20),(5362,62,20),(5363,63,20),(5364,64,20),(5365,65,20),(5366,66,20),(5367,67,20),(5368,68,20),(5369,69,20),(5370,70,20),(5371,71,20),(5372,72,20),(5373,73,20),(5374,74,20),(5375,75,20),(5376,76,20),(5377,77,20),(5378,78,20),(5379,79,20),(5380,80,20),(5381,81,20),(5382,82,20),(5383,83,20),(5384,84,20),(5385,85,20),(5386,86,20),(5387,87,20),(5388,88,20),(5389,89,20),(5390,90,20),(5391,91,20),(5392,92,20),(5393,93,20),(5394,94,20),(5395,95,20),(5396,96,20),(5397,97,20),(5398,98,20),(5399,99,20),(5400,100,20),(5401,101,20),(5402,102,20),(5403,103,20),(5404,104,20),(5405,105,20),(5406,106,20),(5407,107,20),(5408,108,20),(5409,109,20),(5410,110,20),(5411,111,20),(5412,112,20),(5413,113,20),(5414,114,20),(5415,115,20),(5416,116,20),(5417,117,20),(5418,118,20),(5419,119,20),(5420,120,20),(5421,121,20),(5422,122,20),(5423,123,20),(5424,124,20),(5425,125,20),(5426,126,20),(5427,127,20),(5428,128,20),(5429,129,20),(5430,130,20),(5431,131,20),(5432,132,20),(5433,133,20),(5434,134,20),(5435,135,20),(5436,136,20),(5437,137,20),(5438,138,20),(5439,139,20),(5440,140,20),(5441,141,20),(5442,142,20),(5443,143,20),(5444,144,20),(5445,145,20),(5446,146,20),(5447,147,20),(5448,148,20),(5449,149,20),(5450,150,20),(5451,151,20),(5452,152,20),(5453,153,20),(5454,154,20),(5455,155,20),(5456,156,20),(5457,157,20),(5458,158,20),(5459,159,20),(5460,160,20),(5461,161,20),(5462,162,20),(5463,163,20),(5464,164,20),(5465,165,20),(5466,166,20),(5467,167,20),(5468,168,20),(5469,169,20),(5470,170,20),(5471,171,20),(5472,172,20),(5473,173,20),(5474,174,20),(5475,175,20),(5476,176,20),(5477,177,20),(5478,178,20),(5479,179,20),(5480,180,20),(5481,181,20),(5482,182,20),(5483,183,20),(5484,184,20),(5485,185,20),(5486,186,20),(5487,187,20),(5488,188,20),(5489,189,20),(5490,190,20),(5491,191,20),(5492,192,20),(5493,193,20),(5494,194,20),(5495,195,20),(5496,196,20),(5497,197,20),(5498,198,20),(5499,199,20),(5500,200,20),(5501,201,20),(5502,202,20),(5503,203,20),(5504,204,20),(5505,205,20),(5506,206,20),(5507,207,20),(5508,208,20),(5509,209,20),(5510,210,20),(5511,211,20),(5512,212,20),(5513,213,20),(5514,214,20),(5515,215,20),(5516,216,20),(5517,217,20),(5518,218,20),(5519,219,20),(5520,220,20),(5521,221,20),(5522,222,20),(5523,223,20),(5524,224,20),(5525,225,20),(5526,226,20),(5527,227,20),(5528,228,20),(5529,229,20),(5530,230,20),(5531,231,20),(5532,232,20),(5533,233,20),(5534,234,20),(5535,235,20),(5536,236,20),(5537,237,20),(5538,238,20),(5539,239,20),(5540,240,20),(5541,241,20),(5542,242,20),(5543,243,20),(5544,244,20),(5545,245,20),(5546,246,20),(5547,247,20),(5548,248,20),(5549,249,20),(5550,250,20),(5551,1,21),(5552,2,21),(5553,3,21),(5554,4,21),(5555,5,21),(5556,6,21),(5557,7,21),(5558,8,21),(5559,9,21),(5560,10,21),(5561,11,21),(5562,12,21),(5563,13,21),(5564,14,21),(5565,15,21),(5566,16,21),(5567,17,21),(5568,18,21),(5569,19,21),(5570,20,21),(5571,21,21),(5572,22,21),(5573,23,21),(5574,24,21),(5575,25,21),(5576,26,21),(5577,27,21),(5578,28,21),(5579,29,21),(5580,30,21),(5581,31,21),(5582,32,21),(5583,33,21),(5584,34,21),(5585,35,21),(5586,36,21),(5587,37,21),(5588,38,21),(5589,39,21),(5590,40,21),(5591,41,21),(5592,42,21),(5593,43,21),(5594,44,21),(5595,45,21),(5596,46,21),(5597,47,21),(5598,48,21),(5599,49,21),(5600,50,21),(5601,51,21),(5602,52,21),(5603,53,21),(5604,54,21),(5605,55,21),(5606,56,21),(5607,57,21),(5608,58,21),(5609,59,21),(5610,60,21),(5611,61,21),(5612,62,21),(5613,63,21),(5614,64,21),(5615,65,21),(5616,66,21),(5617,67,21),(5618,68,21),(5619,69,21),(5620,70,21),(5621,71,21),(5622,72,21),(5623,73,21),(5624,74,21),(5625,75,21),(5626,76,21),(5627,77,21),(5628,78,21),(5629,79,21),(5630,80,21),(5631,81,21),(5632,82,21),(5633,83,21),(5634,84,21),(5635,85,21),(5636,86,21),(5637,87,21),(5638,88,21),(5639,89,21),(5640,90,21),(5641,91,21),(5642,92,21),(5643,93,21),(5644,94,21),(5645,95,21),(5646,96,21),(5647,97,21),(5648,98,21),(5649,99,21),(5650,100,21),(5651,101,21),(5652,102,21),(5653,103,21),(5654,104,21),(5655,105,21),(5656,106,21),(5657,107,21),(5658,108,21),(5659,109,21),(5660,110,21),(5661,111,21),(5662,112,21),(5663,113,21),(5664,114,21),(5665,115,21),(5666,116,21),(5667,117,21),(5668,118,21),(5669,119,21),(5670,120,21),(5671,121,21),(5672,122,21),(5673,123,21),(5674,124,21),(5675,125,21),(5676,126,21),(5677,127,21),(5678,128,21),(5679,129,21),(5680,130,21),(5681,131,21),(5682,132,21),(5683,133,21),(5684,134,21),(5685,135,21),(5686,136,21),(5687,137,21),(5688,138,21),(5689,139,21),(5690,140,21),(5691,141,21),(5692,142,21),(5693,143,21),(5694,144,21),(5695,145,21),(5696,146,21),(5697,147,21),(5698,148,21),(5699,149,21),(5700,150,21),(5701,151,21),(5702,152,21),(5703,153,21),(5704,154,21),(5705,155,21),(5706,156,21),(5707,157,21),(5708,158,21),(5709,159,21),(5710,160,21),(5711,161,21),(5712,162,21),(5713,163,21),(5714,164,21),(5715,165,21),(5716,166,21),(5717,167,21),(5718,168,21),(5719,169,21),(5720,170,21),(5721,171,21),(5722,172,21),(5723,173,21),(5724,174,21),(5725,175,21),(5726,176,21),(5727,177,21),(5728,178,21),(5729,179,21),(5730,180,21),(5731,181,21),(5732,182,21),(5733,183,21),(5734,184,21),(5735,185,21),(5736,186,21),(5737,187,21),(5738,188,21),(5739,189,21),(5740,190,21),(5741,191,21),(5742,192,21),(5743,193,21),(5744,194,21),(5745,195,21),(5746,196,21),(5747,197,21),(5748,198,21),(5749,199,21),(5750,200,21),(5751,201,21),(5752,202,21),(5753,203,21),(5754,204,21),(5755,205,21),(5756,206,21),(5757,207,21),(5758,208,21),(5759,209,21),(5760,210,21),(5761,211,21),(5762,212,21),(5763,213,21),(5764,214,21),(5765,215,21),(5766,216,21),(5767,217,21),(5768,218,21),(5769,219,21),(5770,220,21),(5771,221,21),(5772,222,21),(5773,223,21),(5774,224,21),(5775,225,21),(5776,226,21),(5777,227,21),(5778,228,21),(5779,229,21),(5780,230,21),(5781,231,21),(5782,232,21),(5783,233,21),(5784,234,21),(5785,235,21),(5786,236,21),(5787,237,21),(5788,238,21),(5789,239,21),(5790,240,21),(5791,241,21),(5792,242,21),(5793,243,21),(5794,244,21),(5795,245,21),(5796,246,21),(5797,247,21),(5798,248,21),(5799,249,21),(5800,250,21),(5801,1,22),(5802,2,22),(5803,3,22),(5804,4,22),(5805,5,22),(5806,6,22),(5807,7,22),(5808,8,22),(5809,9,22),(5810,10,22),(5811,11,22),(5812,12,22),(5813,13,22),(5814,14,22),(5815,15,22),(5816,16,22),(5817,17,22),(5818,18,22),(5819,19,22),(5820,20,22),(5821,21,22),(5822,22,22),(5823,23,22),(5824,24,22),(5825,25,22),(5826,26,22),(5827,27,22),(5828,28,22),(5829,29,22),(5830,30,22),(5831,31,22),(5832,32,22),(5833,33,22),(5834,34,22),(5835,35,22),(5836,36,22),(5837,37,22),(5838,38,22),(5839,39,22),(5840,40,22),(5841,41,22),(5842,42,22),(5843,43,22),(5844,44,22),(5845,45,22),(5846,46,22),(5847,47,22),(5848,48,22),(5849,49,22),(5850,50,22),(5851,51,22),(5852,52,22),(5853,53,22),(5854,54,22),(5855,55,22),(5856,56,22),(5857,57,22),(5858,58,22),(5859,59,22),(5860,60,22),(5861,61,22),(5862,62,22),(5863,63,22),(5864,64,22),(5865,65,22),(5866,66,22),(5867,67,22),(5868,68,22),(5869,69,22),(5870,70,22),(5871,71,22),(5872,72,22),(5873,73,22),(5874,74,22),(5875,75,22),(5876,76,22),(5877,77,22),(5878,78,22),(5879,79,22),(5880,80,22),(5881,81,22),(5882,82,22),(5883,83,22),(5884,84,22),(5885,85,22),(5886,86,22),(5887,87,22),(5888,88,22),(5889,89,22),(5890,90,22),(5891,91,22),(5892,92,22),(5893,93,22),(5894,94,22),(5895,95,22),(5896,96,22),(5897,97,22),(5898,98,22),(5899,99,22),(5900,100,22),(5901,101,22),(5902,102,22),(5903,103,22),(5904,104,22),(5905,105,22),(5906,106,22),(5907,107,22),(5908,108,22),(5909,109,22),(5910,110,22),(5911,111,22),(5912,112,22),(5913,113,22),(5914,114,22),(5915,115,22),(5916,116,22),(5917,117,22),(5918,118,22),(5919,119,22),(5920,120,22),(5921,121,22),(5922,122,22),(5923,123,22),(5924,124,22),(5925,125,22),(5926,126,22),(5927,127,22),(5928,128,22),(5929,129,22),(5930,130,22),(5931,131,22),(5932,132,22),(5933,133,22),(5934,134,22),(5935,135,22),(5936,136,22),(5937,137,22),(5938,138,22),(5939,139,22),(5940,140,22),(5941,141,22),(5942,142,22),(5943,143,22),(5944,144,22),(5945,145,22),(5946,146,22),(5947,147,22),(5948,148,22),(5949,149,22),(5950,150,22),(5951,151,22),(5952,152,22),(5953,153,22),(5954,154,22),(5955,155,22),(5956,156,22),(5957,157,22),(5958,158,22),(5959,159,22),(5960,160,22),(5961,161,22),(5962,162,22),(5963,163,22),(5964,164,22),(5965,165,22),(5966,166,22),(5967,167,22),(5968,168,22),(5969,169,22),(5970,170,22),(5971,171,22),(5972,172,22),(5973,173,22),(5974,174,22),(5975,175,22),(5976,176,22),(5977,177,22),(5978,178,22),(5979,179,22),(5980,180,22),(5981,181,22),(5982,182,22),(5983,183,22),(5984,184,22),(5985,185,22),(5986,186,22),(5987,187,22),(5988,188,22),(5989,189,22),(5990,190,22),(5991,191,22),(5992,192,22),(5993,193,22),(5994,194,22),(5995,195,22),(5996,196,22),(5997,197,22),(5998,198,22),(5999,199,22),(6000,200,22),(6001,201,22),(6002,202,22),(6003,203,22),(6004,204,22),(6005,205,22),(6006,206,22),(6007,207,22),(6008,208,22),(6009,209,22),(6010,210,22),(6011,211,22),(6012,212,22),(6013,213,22),(6014,214,22),(6015,215,22),(6016,216,22),(6017,217,22),(6018,218,22),(6019,219,22),(6020,220,22),(6021,221,22),(6022,222,22),(6023,223,22),(6024,224,22),(6025,225,22),(6026,226,22),(6027,227,22),(6028,228,22),(6029,229,22),(6030,230,22),(6031,231,22),(6032,232,22),(6033,233,22),(6034,234,22),(6035,235,22),(6036,236,22),(6037,237,22),(6038,238,22),(6039,239,22),(6040,240,22),(6041,241,22),(6042,242,22),(6043,243,22),(6044,244,22),(6045,245,22),(6046,246,22),(6047,247,22),(6048,248,22),(6049,249,22),(6050,250,22),(6051,251,22),(6052,252,22),(6053,253,22),(6054,254,22),(6055,255,22),(6056,256,22),(6057,257,22),(6058,258,22),(6059,259,22),(6060,260,22),(6061,261,22),(6062,262,22),(6063,263,22),(6064,264,22),(6065,265,22),(6066,266,22),(6067,267,22),(6068,268,22),(6069,269,22),(6070,270,22),(6071,271,22),(6072,272,22),(6073,273,22),(6074,274,22),(6075,275,22),(6076,276,22),(6077,277,22),(6078,278,22),(6079,279,22),(6080,280,22),(6081,281,22),(6082,282,22),(6083,283,22),(6084,284,22),(6085,285,22),(6086,286,22),(6087,287,22),(6088,288,22),(6089,289,22),(6090,290,22),(6091,291,22),(6092,292,22),(6093,293,22),(6094,294,22),(6095,295,22),(6096,296,22),(6097,297,22),(6098,298,22),(6099,299,22),(6100,300,22),(6101,301,22),(6102,302,22),(6103,303,22),(6104,304,22),(6105,305,22),(6106,306,22),(6107,307,22),(6108,308,22),(6109,309,22),(6110,310,22),(6111,311,22),(6112,312,22),(6113,313,22),(6114,314,22),(6115,315,22),(6116,316,22),(6117,317,22),(6118,318,22),(6119,319,22),(6120,320,22),(6121,321,22),(6122,322,22),(6123,323,22),(6124,324,22),(6125,325,22),(6126,326,22),(6127,327,22),(6128,328,22),(6129,329,22),(6130,330,22),(6131,331,22),(6132,332,22),(6133,333,22),(6134,334,22),(6135,335,22),(6136,336,22),(6137,337,22),(6138,338,22),(6139,339,22),(6140,340,22),(6141,341,22),(6142,342,22),(6143,343,22),(6144,344,22),(6145,345,22),(6146,346,22),(6147,347,22),(6148,348,22),(6149,349,22),(6150,350,22),(6151,351,22),(6152,352,22),(6153,353,22),(6154,354,22),(6155,355,22),(6156,356,22),(6157,357,22),(6158,358,22),(6159,359,22),(6160,360,22),(6161,361,22),(6162,362,22),(6163,363,22),(6164,364,22),(6165,365,22),(6166,366,22),(6167,367,22),(6168,368,22),(6169,369,22),(6170,370,22),(6171,371,22),(6172,372,22),(6173,373,22),(6174,374,22),(6175,375,22),(6176,376,22),(6177,377,22),(6178,378,22),(6179,379,22),(6180,380,22),(6181,381,22),(6182,382,22),(6183,383,22),(6184,384,22),(6185,385,22),(6186,386,22),(6187,387,22),(6188,388,22),(6189,389,22),(6190,390,22),(6191,391,22),(6192,392,22),(6193,393,22),(6194,394,22),(6195,395,22),(6196,396,22),(6197,397,22),(6198,398,22),(6199,399,22),(6200,400,22),(6201,401,22),(6202,402,22),(6203,403,22),(6204,404,22),(6205,405,22),(6206,406,22),(6207,407,22),(6208,408,22),(6209,409,22),(6210,410,22),(6211,411,22),(6212,412,22),(6213,413,22),(6214,414,22),(6215,415,22),(6216,416,22),(6217,417,22),(6218,418,22),(6219,419,22),(6220,420,22),(6221,421,22),(6222,422,22),(6223,423,22),(6224,424,22),(6225,425,22),(6226,426,22),(6227,427,22),(6228,428,22),(6229,429,22),(6230,430,22),(6231,431,22),(6232,432,22),(6233,433,22),(6234,434,22),(6235,435,22),(6236,436,22),(6237,437,22),(6238,438,22),(6239,439,22),(6240,440,22),(6241,441,22),(6242,442,22),(6243,443,22),(6244,444,22),(6245,445,22),(6246,446,22),(6247,447,22),(6248,448,22),(6249,449,22),(6250,450,22),(6251,1,23),(6252,2,23),(6253,3,23),(6254,4,23),(6255,5,23),(6256,6,23),(6257,7,23),(6258,8,23),(6259,9,23),(6260,10,23),(6261,11,23),(6262,12,23),(6263,13,23),(6264,14,23),(6265,15,23),(6266,16,23),(6267,17,23),(6268,18,23),(6269,19,23),(6270,20,23),(6271,21,23),(6272,22,23),(6273,23,23),(6274,24,23),(6275,25,23),(6276,26,23),(6277,27,23),(6278,28,23),(6279,29,23),(6280,30,23),(6281,31,23),(6282,32,23),(6283,33,23),(6284,34,23),(6285,35,23),(6286,36,23),(6287,37,23),(6288,38,23),(6289,39,23),(6290,40,23),(6291,41,23),(6292,42,23),(6293,43,23),(6294,44,23),(6295,45,23),(6296,46,23),(6297,47,23),(6298,48,23),(6299,49,23),(6300,50,23),(6301,51,23),(6302,52,23),(6303,53,23),(6304,54,23),(6305,55,23),(6306,56,23),(6307,57,23),(6308,58,23),(6309,59,23),(6310,60,23),(6311,61,23),(6312,62,23),(6313,63,23),(6314,64,23),(6315,65,23),(6316,66,23),(6317,67,23),(6318,68,23),(6319,69,23),(6320,70,23),(6321,71,23),(6322,72,23),(6323,73,23),(6324,74,23),(6325,75,23),(6326,76,23),(6327,77,23),(6328,78,23),(6329,79,23),(6330,80,23),(6331,81,23),(6332,82,23),(6333,83,23),(6334,84,23),(6335,85,23),(6336,86,23),(6337,87,23),(6338,88,23),(6339,89,23),(6340,90,23),(6341,91,23),(6342,92,23),(6343,93,23),(6344,94,23),(6345,95,23),(6346,96,23),(6347,97,23),(6348,98,23),(6349,99,23),(6350,100,23),(6351,101,23),(6352,102,23),(6353,103,23),(6354,104,23),(6355,105,23),(6356,106,23),(6357,107,23),(6358,108,23),(6359,109,23),(6360,110,23),(6361,111,23),(6362,112,23),(6363,113,23),(6364,114,23),(6365,115,23),(6366,116,23),(6367,117,23),(6368,118,23),(6369,119,23),(6370,120,23),(6371,121,23),(6372,122,23),(6373,123,23),(6374,124,23),(6375,125,23),(6376,126,23),(6377,127,23),(6378,128,23),(6379,129,23),(6380,130,23),(6381,131,23),(6382,132,23),(6383,133,23),(6384,134,23),(6385,135,23),(6386,136,23),(6387,137,23),(6388,138,23),(6389,139,23),(6390,140,23),(6391,141,23),(6392,142,23),(6393,143,23),(6394,144,23),(6395,145,23),(6396,146,23),(6397,147,23),(6398,148,23),(6399,149,23),(6400,150,23),(6401,151,23),(6402,152,23),(6403,153,23),(6404,154,23),(6405,155,23),(6406,156,23),(6407,157,23),(6408,158,23),(6409,159,23),(6410,160,23),(6411,161,23),(6412,162,23),(6413,163,23),(6414,164,23),(6415,165,23),(6416,166,23),(6417,167,23),(6418,168,23),(6419,169,23),(6420,170,23),(6421,171,23),(6422,172,23),(6423,173,23),(6424,174,23),(6425,175,23),(6426,176,23),(6427,177,23),(6428,178,23),(6429,179,23),(6430,180,23),(6431,181,23),(6432,182,23),(6433,183,23),(6434,184,23),(6435,185,23),(6436,186,23),(6437,187,23),(6438,188,23),(6439,189,23),(6440,190,23),(6441,191,23),(6442,192,23),(6443,193,23),(6444,194,23),(6445,195,23),(6446,196,23),(6447,197,23),(6448,198,23),(6449,199,23),(6450,200,23),(6451,201,23),(6452,202,23),(6453,203,23),(6454,204,23),(6455,205,23),(6456,206,23),(6457,207,23),(6458,208,23),(6459,209,23),(6460,210,23),(6461,211,23),(6462,212,23),(6463,213,23),(6464,214,23),(6465,215,23),(6466,216,23),(6467,217,23),(6468,218,23),(6469,219,23),(6470,220,23),(6471,221,23),(6472,222,23),(6473,223,23),(6474,224,23),(6475,225,23),(6476,226,23),(6477,227,23),(6478,228,23),(6479,229,23),(6480,230,23),(6481,231,23),(6482,232,23),(6483,233,23),(6484,234,23),(6485,235,23),(6486,236,23),(6487,237,23),(6488,238,23),(6489,239,23),(6490,240,23),(6491,241,23),(6492,242,23),(6493,243,23),(6494,244,23),(6495,245,23),(6496,246,23),(6497,247,23),(6498,248,23),(6499,249,23),(6500,250,23),(6501,251,23),(6502,252,23),(6503,253,23),(6504,254,23),(6505,255,23),(6506,256,23),(6507,257,23),(6508,258,23),(6509,259,23),(6510,260,23),(6511,261,23),(6512,262,23),(6513,263,23),(6514,264,23),(6515,265,23),(6516,266,23),(6517,267,23),(6518,268,23),(6519,269,23),(6520,270,23),(6521,271,23),(6522,272,23),(6523,273,23),(6524,274,23),(6525,275,23),(6526,276,23),(6527,277,23),(6528,278,23),(6529,279,23),(6530,280,23),(6531,281,23),(6532,282,23),(6533,283,23),(6534,284,23),(6535,285,23),(6536,286,23),(6537,287,23),(6538,288,23),(6539,289,23),(6540,290,23),(6541,291,23),(6542,292,23),(6543,293,23),(6544,294,23),(6545,295,23),(6546,296,23),(6547,297,23),(6548,298,23),(6549,299,23),(6550,300,23),(6551,301,23),(6552,302,23),(6553,303,23),(6554,304,23),(6555,305,23),(6556,306,23),(6557,307,23),(6558,308,23),(6559,309,23),(6560,310,23),(6561,311,23),(6562,312,23),(6563,313,23),(6564,314,23),(6565,315,23),(6566,316,23),(6567,317,23),(6568,318,23),(6569,319,23),(6570,320,23),(6571,321,23),(6572,322,23),(6573,323,23),(6574,324,23),(6575,325,23),(6576,326,23),(6577,327,23),(6578,328,23),(6579,329,23),(6580,330,23),(6581,331,23),(6582,332,23),(6583,333,23),(6584,334,23),(6585,335,23),(6586,336,23),(6587,337,23),(6588,338,23),(6589,339,23),(6590,340,23),(6591,341,23),(6592,342,23),(6593,343,23),(6594,344,23),(6595,345,23),(6596,346,23),(6597,347,23),(6598,348,23),(6599,349,23),(6600,350,23),(6601,351,23),(6602,352,23),(6603,353,23),(6604,354,23),(6605,355,23),(6606,356,23),(6607,357,23),(6608,358,23),(6609,359,23),(6610,360,23),(6611,361,23),(6612,362,23),(6613,363,23),(6614,364,23),(6615,365,23),(6616,366,23),(6617,367,23),(6618,368,23),(6619,369,23),(6620,370,23),(6621,371,23),(6622,372,23),(6623,373,23),(6624,374,23),(6625,375,23),(6626,376,23),(6627,377,23),(6628,378,23),(6629,379,23),(6630,380,23),(6631,381,23),(6632,382,23),(6633,383,23),(6634,384,23),(6635,385,23),(6636,386,23),(6637,387,23),(6638,388,23),(6639,389,23),(6640,390,23),(6641,391,23),(6642,392,23),(6643,393,23),(6644,394,23),(6645,395,23),(6646,396,23),(6647,397,23),(6648,398,23),(6649,399,23),(6650,400,23),(6651,401,23),(6652,402,23),(6653,403,23),(6654,404,23),(6655,405,23),(6656,406,23),(6657,407,23),(6658,408,23),(6659,409,23),(6660,410,23),(6661,411,23),(6662,412,23),(6663,413,23),(6664,414,23),(6665,415,23),(6666,416,23),(6667,417,23),(6668,418,23),(6669,419,23),(6670,420,23),(6671,421,23),(6672,422,23),(6673,423,23),(6674,424,23),(6675,425,23),(6676,426,23),(6677,427,23),(6678,428,23),(6679,429,23),(6680,430,23),(6681,431,23),(6682,432,23),(6683,433,23),(6684,434,23),(6685,435,23),(6686,436,23),(6687,437,23),(6688,438,23),(6689,439,23),(6690,440,23),(6691,441,23),(6692,442,23),(6693,443,23),(6694,444,23),(6695,445,23),(6696,446,23),(6697,447,23),(6698,448,23),(6699,449,23),(6700,450,23),(6701,1,24),(6702,2,24),(6703,3,24),(6704,4,24),(6705,5,24),(6706,6,24),(6707,7,24),(6708,8,24),(6709,9,24),(6710,10,24),(6711,11,24),(6712,12,24),(6713,13,24),(6714,14,24),(6715,15,24),(6716,16,24),(6717,17,24),(6718,18,24),(6719,19,24),(6720,20,24),(6721,21,24),(6722,22,24),(6723,23,24),(6724,24,24),(6725,25,24),(6726,26,24),(6727,27,24),(6728,28,24),(6729,29,24),(6730,30,24),(6731,31,24),(6732,32,24),(6733,33,24),(6734,34,24),(6735,35,24),(6736,36,24),(6737,37,24),(6738,38,24),(6739,39,24),(6740,40,24),(6741,41,24),(6742,42,24),(6743,43,24),(6744,44,24),(6745,45,24),(6746,46,24),(6747,47,24),(6748,48,24),(6749,49,24),(6750,50,24),(6751,51,24),(6752,52,24),(6753,53,24),(6754,54,24),(6755,55,24),(6756,56,24),(6757,57,24),(6758,58,24),(6759,59,24),(6760,60,24),(6761,61,24),(6762,62,24),(6763,63,24),(6764,64,24),(6765,65,24),(6766,66,24),(6767,67,24),(6768,68,24),(6769,69,24),(6770,70,24),(6771,71,24),(6772,72,24),(6773,73,24),(6774,74,24),(6775,75,24),(6776,76,24),(6777,77,24),(6778,78,24),(6779,79,24),(6780,80,24),(6781,81,24),(6782,82,24),(6783,83,24),(6784,84,24),(6785,85,24),(6786,86,24),(6787,87,24),(6788,88,24),(6789,89,24),(6790,90,24),(6791,91,24),(6792,92,24),(6793,93,24),(6794,94,24),(6795,95,24),(6796,96,24),(6797,97,24),(6798,98,24),(6799,99,24),(6800,100,24),(6801,101,24),(6802,102,24),(6803,103,24),(6804,104,24),(6805,105,24),(6806,106,24),(6807,107,24),(6808,108,24),(6809,109,24),(6810,110,24),(6811,111,24),(6812,112,24),(6813,113,24),(6814,114,24),(6815,115,24),(6816,116,24),(6817,117,24),(6818,118,24),(6819,119,24),(6820,120,24),(6821,121,24),(6822,122,24),(6823,123,24),(6824,124,24),(6825,125,24),(6826,126,24),(6827,127,24),(6828,128,24),(6829,129,24),(6830,130,24),(6831,131,24),(6832,132,24),(6833,133,24),(6834,134,24),(6835,135,24),(6836,136,24),(6837,137,24),(6838,138,24),(6839,139,24),(6840,140,24),(6841,141,24),(6842,142,24),(6843,143,24),(6844,144,24),(6845,145,24),(6846,146,24),(6847,147,24),(6848,148,24),(6849,149,24),(6850,150,24),(6851,151,24),(6852,152,24),(6853,153,24),(6854,154,24),(6855,155,24),(6856,156,24),(6857,157,24),(6858,158,24),(6859,159,24),(6860,160,24),(6861,161,24),(6862,162,24),(6863,163,24),(6864,164,24),(6865,165,24),(6866,166,24),(6867,167,24),(6868,168,24),(6869,169,24),(6870,170,24),(6871,171,24),(6872,172,24),(6873,173,24),(6874,174,24),(6875,175,24),(6876,176,24),(6877,177,24),(6878,178,24),(6879,179,24),(6880,180,24),(6881,181,24),(6882,182,24),(6883,183,24),(6884,184,24),(6885,185,24),(6886,186,24),(6887,187,24),(6888,188,24),(6889,189,24),(6890,190,24),(6891,191,24),(6892,192,24),(6893,193,24),(6894,194,24),(6895,195,24),(6896,196,24),(6897,197,24),(6898,198,24),(6899,199,24),(6900,200,24),(6901,201,24),(6902,202,24),(6903,203,24),(6904,204,24),(6905,205,24),(6906,206,24),(6907,207,24),(6908,208,24),(6909,209,24),(6910,210,24),(6911,211,24),(6912,212,24),(6913,213,24),(6914,214,24),(6915,215,24),(6916,216,24),(6917,217,24),(6918,218,24),(6919,219,24),(6920,220,24),(6921,221,24),(6922,222,24),(6923,223,24),(6924,224,24),(6925,225,24),(6926,226,24),(6927,227,24),(6928,228,24),(6929,229,24),(6930,230,24),(6931,231,24),(6932,232,24),(6933,233,24),(6934,234,24),(6935,235,24),(6936,236,24),(6937,237,24),(6938,238,24),(6939,239,24),(6940,240,24),(6941,241,24),(6942,242,24),(6943,243,24),(6944,244,24),(6945,245,24),(6946,246,24),(6947,247,24),(6948,248,24),(6949,249,24),(6950,250,24),(6951,251,24),(6952,252,24),(6953,253,24),(6954,254,24),(6955,255,24),(6956,256,24),(6957,257,24),(6958,258,24),(6959,259,24),(6960,260,24),(6961,261,24),(6962,262,24),(6963,263,24),(6964,264,24),(6965,265,24),(6966,266,24),(6967,267,24),(6968,268,24),(6969,269,24),(6970,270,24),(6971,271,24),(6972,272,24),(6973,273,24),(6974,274,24),(6975,275,24),(6976,276,24),(6977,277,24),(6978,278,24),(6979,279,24),(6980,280,24),(6981,281,24),(6982,282,24),(6983,283,24),(6984,284,24),(6985,285,24),(6986,286,24),(6987,287,24),(6988,288,24),(6989,289,24),(6990,290,24),(6991,291,24),(6992,292,24),(6993,293,24),(6994,294,24),(6995,295,24),(6996,296,24),(6997,297,24),(6998,298,24),(6999,299,24),(7000,300,24),(7001,301,24),(7002,302,24),(7003,303,24),(7004,304,24),(7005,305,24),(7006,306,24),(7007,307,24),(7008,308,24),(7009,309,24),(7010,310,24),(7011,311,24),(7012,312,24),(7013,313,24),(7014,314,24),(7015,315,24),(7016,316,24),(7017,317,24),(7018,318,24),(7019,319,24),(7020,320,24),(7021,321,24),(7022,322,24),(7023,323,24),(7024,324,24),(7025,325,24),(7026,326,24),(7027,327,24),(7028,328,24),(7029,329,24),(7030,330,24),(7031,331,24),(7032,332,24),(7033,333,24),(7034,334,24),(7035,335,24),(7036,336,24),(7037,337,24),(7038,338,24),(7039,339,24),(7040,340,24),(7041,341,24),(7042,342,24),(7043,343,24),(7044,344,24),(7045,345,24),(7046,346,24),(7047,347,24),(7048,348,24),(7049,349,24),(7050,350,24),(7051,351,24),(7052,352,24),(7053,353,24),(7054,354,24),(7055,355,24),(7056,356,24),(7057,357,24),(7058,358,24),(7059,359,24),(7060,360,24),(7061,361,24),(7062,362,24),(7063,363,24),(7064,364,24),(7065,365,24),(7066,366,24),(7067,367,24),(7068,368,24),(7069,369,24),(7070,370,24),(7071,371,24),(7072,372,24),(7073,373,24),(7074,374,24),(7075,375,24),(7076,376,24),(7077,377,24),(7078,378,24),(7079,379,24),(7080,380,24),(7081,381,24),(7082,382,24),(7083,383,24),(7084,384,24),(7085,385,24),(7086,386,24),(7087,387,24),(7088,388,24),(7089,389,24),(7090,390,24),(7091,391,24),(7092,392,24),(7093,393,24),(7094,394,24),(7095,395,24),(7096,396,24),(7097,397,24),(7098,398,24),(7099,399,24),(7100,400,24),(7101,401,24),(7102,402,24),(7103,403,24),(7104,404,24),(7105,405,24),(7106,406,24),(7107,407,24),(7108,408,24),(7109,409,24),(7110,410,24),(7111,411,24),(7112,412,24),(7113,413,24),(7114,414,24),(7115,415,24),(7116,416,24),(7117,417,24),(7118,418,24),(7119,419,24),(7120,420,24),(7121,421,24),(7122,422,24),(7123,423,24),(7124,424,24),(7125,425,24),(7126,426,24),(7127,427,24),(7128,428,24),(7129,429,24),(7130,430,24),(7131,431,24),(7132,432,24),(7133,433,24),(7134,434,24),(7135,435,24),(7136,436,24),(7137,437,24),(7138,438,24),(7139,439,24),(7140,440,24),(7141,441,24),(7142,442,24),(7143,443,24),(7144,444,24),(7145,445,24),(7146,446,24),(7147,447,24),(7148,448,24),(7149,449,24),(7150,450,24),(7151,1,25),(7152,2,25),(7153,3,25),(7154,4,25),(7155,5,25),(7156,6,25),(7157,7,25),(7158,8,25),(7159,9,25),(7160,10,25),(7161,11,25),(7162,12,25),(7163,13,25),(7164,14,25),(7165,15,25),(7166,16,25),(7167,17,25),(7168,18,25),(7169,19,25),(7170,20,25),(7171,21,25),(7172,22,25),(7173,23,25),(7174,24,25),(7175,25,25),(7176,26,25),(7177,27,25),(7178,28,25),(7179,29,25),(7180,30,25),(7181,31,25),(7182,32,25),(7183,33,25),(7184,34,25),(7185,35,25),(7186,36,25),(7187,37,25),(7188,38,25),(7189,39,25),(7190,40,25),(7191,41,25),(7192,42,25),(7193,43,25),(7194,44,25),(7195,45,25),(7196,46,25),(7197,47,25),(7198,48,25),(7199,49,25),(7200,50,25),(7201,51,25),(7202,52,25),(7203,53,25),(7204,54,25),(7205,55,25),(7206,56,25),(7207,57,25),(7208,58,25),(7209,59,25),(7210,60,25),(7211,61,25),(7212,62,25),(7213,63,25),(7214,64,25),(7215,65,25),(7216,66,25),(7217,67,25),(7218,68,25),(7219,69,25),(7220,70,25),(7221,71,25),(7222,72,25),(7223,73,25),(7224,74,25),(7225,75,25),(7226,76,25),(7227,77,25),(7228,78,25),(7229,79,25),(7230,80,25),(7231,81,25),(7232,82,25),(7233,83,25),(7234,84,25),(7235,85,25),(7236,86,25),(7237,87,25),(7238,88,25),(7239,89,25),(7240,90,25),(7241,91,25),(7242,92,25),(7243,93,25),(7244,94,25),(7245,95,25),(7246,96,25),(7247,97,25),(7248,98,25),(7249,99,25),(7250,100,25),(7251,101,25),(7252,102,25),(7253,103,25),(7254,104,25),(7255,105,25),(7256,106,25),(7257,107,25),(7258,108,25),(7259,109,25),(7260,110,25),(7261,111,25),(7262,112,25),(7263,113,25),(7264,114,25),(7265,115,25),(7266,116,25),(7267,117,25),(7268,118,25),(7269,119,25),(7270,120,25),(7271,121,25),(7272,122,25),(7273,123,25),(7274,124,25),(7275,125,25),(7276,126,25),(7277,127,25),(7278,128,25),(7279,129,25),(7280,130,25),(7281,131,25),(7282,132,25),(7283,133,25),(7284,134,25),(7285,135,25),(7286,136,25),(7287,137,25),(7288,138,25),(7289,139,25),(7290,140,25),(7291,141,25),(7292,142,25),(7293,143,25),(7294,144,25),(7295,145,25),(7296,146,25),(7297,147,25),(7298,148,25),(7299,149,25),(7300,150,25),(7301,151,25),(7302,152,25),(7303,153,25),(7304,154,25),(7305,155,25),(7306,156,25),(7307,157,25),(7308,158,25),(7309,159,25),(7310,160,25),(7311,161,25),(7312,162,25),(7313,163,25),(7314,164,25),(7315,165,25),(7316,166,25),(7317,167,25),(7318,168,25),(7319,169,25),(7320,170,25),(7321,171,25),(7322,172,25),(7323,173,25),(7324,174,25),(7325,175,25),(7326,176,25),(7327,177,25),(7328,178,25),(7329,179,25),(7330,180,25),(7331,181,25),(7332,182,25),(7333,183,25),(7334,184,25),(7335,185,25),(7336,186,25),(7337,187,25),(7338,188,25),(7339,189,25),(7340,190,25),(7341,191,25),(7342,192,25),(7343,193,25),(7344,194,25),(7345,195,25),(7346,196,25),(7347,197,25),(7348,198,25),(7349,199,25),(7350,200,25),(7351,201,25),(7352,202,25),(7353,203,25),(7354,204,25),(7355,205,25),(7356,206,25),(7357,207,25),(7358,208,25),(7359,209,25),(7360,210,25),(7361,211,25),(7362,212,25),(7363,213,25),(7364,214,25),(7365,215,25),(7366,216,25),(7367,217,25),(7368,218,25),(7369,219,25),(7370,220,25),(7371,221,25),(7372,222,25),(7373,223,25),(7374,224,25),(7375,225,25),(7376,226,25),(7377,227,25),(7378,228,25),(7379,229,25),(7380,230,25),(7381,231,25),(7382,232,25),(7383,233,25),(7384,234,25),(7385,235,25),(7386,236,25),(7387,237,25),(7388,238,25),(7389,239,25),(7390,240,25),(7391,241,25),(7392,242,25),(7393,243,25),(7394,244,25),(7395,245,25),(7396,246,25),(7397,247,25),(7398,248,25),(7399,249,25),(7400,250,25),(7401,251,25),(7402,252,25),(7403,253,25),(7404,254,25),(7405,255,25),(7406,256,25),(7407,257,25),(7408,258,25),(7409,259,25),(7410,260,25),(7411,261,25),(7412,262,25),(7413,263,25),(7414,264,25),(7415,265,25),(7416,266,25),(7417,267,25),(7418,268,25),(7419,269,25),(7420,270,25),(7421,271,25),(7422,272,25),(7423,273,25),(7424,274,25),(7425,275,25),(7426,276,25),(7427,277,25),(7428,278,25),(7429,279,25),(7430,280,25),(7431,281,25),(7432,282,25),(7433,283,25),(7434,284,25),(7435,285,25),(7436,286,25),(7437,287,25),(7438,288,25),(7439,289,25),(7440,290,25),(7441,291,25),(7442,292,25),(7443,293,25),(7444,294,25),(7445,295,25),(7446,296,25),(7447,297,25),(7448,298,25),(7449,299,25),(7450,300,25),(7451,1,26),(7452,2,26),(7453,3,26),(7454,4,26),(7455,5,26),(7456,6,26),(7457,7,26),(7458,8,26),(7459,9,26),(7460,10,26),(7461,11,26),(7462,12,26),(7463,13,26),(7464,14,26),(7465,15,26),(7466,16,26),(7467,17,26),(7468,18,26),(7469,19,26),(7470,20,26),(7471,21,26),(7472,22,26),(7473,23,26),(7474,24,26),(7475,25,26),(7476,26,26),(7477,27,26),(7478,28,26),(7479,29,26),(7480,30,26),(7481,31,26),(7482,32,26),(7483,33,26),(7484,34,26),(7485,35,26),(7486,36,26),(7487,37,26),(7488,38,26),(7489,39,26),(7490,40,26),(7491,41,26),(7492,42,26),(7493,43,26),(7494,44,26),(7495,45,26),(7496,46,26),(7497,47,26),(7498,48,26),(7499,49,26),(7500,50,26),(7501,51,26),(7502,52,26),(7503,53,26),(7504,54,26),(7505,55,26),(7506,56,26),(7507,57,26),(7508,58,26),(7509,59,26),(7510,60,26),(7511,61,26),(7512,62,26),(7513,63,26),(7514,64,26),(7515,65,26),(7516,66,26),(7517,67,26),(7518,68,26),(7519,69,26),(7520,70,26),(7521,71,26),(7522,72,26),(7523,73,26),(7524,74,26),(7525,75,26),(7526,76,26),(7527,77,26),(7528,78,26),(7529,79,26),(7530,80,26),(7531,81,26),(7532,82,26),(7533,83,26),(7534,84,26),(7535,85,26),(7536,86,26),(7537,87,26),(7538,88,26),(7539,89,26),(7540,90,26),(7541,91,26),(7542,92,26),(7543,93,26),(7544,94,26),(7545,95,26),(7546,96,26),(7547,97,26),(7548,98,26),(7549,99,26),(7550,100,26),(7551,101,26),(7552,102,26),(7553,103,26),(7554,104,26),(7555,105,26),(7556,106,26),(7557,107,26),(7558,108,26),(7559,109,26),(7560,110,26),(7561,111,26),(7562,112,26),(7563,113,26),(7564,114,26),(7565,115,26),(7566,116,26),(7567,117,26),(7568,118,26),(7569,119,26),(7570,120,26),(7571,121,26),(7572,122,26),(7573,123,26),(7574,124,26),(7575,125,26),(7576,126,26),(7577,127,26),(7578,128,26),(7579,129,26),(7580,130,26),(7581,131,26),(7582,132,26),(7583,133,26),(7584,134,26),(7585,135,26),(7586,136,26),(7587,137,26),(7588,138,26),(7589,139,26),(7590,140,26),(7591,141,26),(7592,142,26),(7593,143,26),(7594,144,26),(7595,145,26),(7596,146,26),(7597,147,26),(7598,148,26),(7599,149,26),(7600,150,26),(7601,151,26),(7602,152,26),(7603,153,26),(7604,154,26),(7605,155,26),(7606,156,26),(7607,157,26),(7608,158,26),(7609,159,26),(7610,160,26),(7611,161,26),(7612,162,26),(7613,163,26),(7614,164,26),(7615,165,26),(7616,166,26),(7617,167,26),(7618,168,26),(7619,169,26),(7620,170,26),(7621,171,26),(7622,172,26),(7623,173,26),(7624,174,26),(7625,175,26),(7626,176,26),(7627,177,26),(7628,178,26),(7629,179,26),(7630,180,26),(7631,181,26),(7632,182,26),(7633,183,26),(7634,184,26),(7635,185,26),(7636,186,26),(7637,187,26),(7638,188,26),(7639,189,26),(7640,190,26),(7641,191,26),(7642,192,26),(7643,193,26),(7644,194,26),(7645,195,26),(7646,196,26),(7647,197,26),(7648,198,26),(7649,199,26),(7650,200,26),(7651,1,27),(7652,2,27),(7653,3,27),(7654,4,27),(7655,5,27),(7656,6,27),(7657,7,27),(7658,8,27),(7659,9,27),(7660,10,27),(7661,11,27),(7662,12,27),(7663,13,27),(7664,14,27),(7665,15,27),(7666,16,27),(7667,17,27),(7668,18,27),(7669,19,27),(7670,20,27),(7671,21,27),(7672,22,27),(7673,23,27),(7674,24,27),(7675,25,27),(7676,26,27),(7677,27,27),(7678,28,27),(7679,29,27),(7680,30,27),(7681,31,27),(7682,32,27),(7683,33,27),(7684,34,27),(7685,35,27),(7686,36,27),(7687,37,27),(7688,38,27),(7689,39,27),(7690,40,27),(7691,41,27),(7692,42,27),(7693,43,27),(7694,44,27),(7695,45,27),(7696,46,27),(7697,47,27),(7698,48,27),(7699,49,27),(7700,50,27),(7701,51,27),(7702,52,27),(7703,53,27),(7704,54,27),(7705,55,27),(7706,56,27),(7707,57,27),(7708,58,27),(7709,59,27),(7710,60,27),(7711,61,27),(7712,62,27),(7713,63,27),(7714,64,27),(7715,65,27),(7716,66,27),(7717,67,27),(7718,68,27),(7719,69,27),(7720,70,27),(7721,71,27),(7722,72,27),(7723,73,27),(7724,74,27),(7725,75,27),(7726,76,27),(7727,77,27),(7728,78,27),(7729,79,27),(7730,80,27),(7731,81,27),(7732,82,27),(7733,83,27),(7734,84,27),(7735,85,27),(7736,86,27),(7737,87,27),(7738,88,27),(7739,89,27),(7740,90,27),(7741,91,27),(7742,92,27),(7743,93,27),(7744,94,27),(7745,95,27),(7746,96,27),(7747,97,27),(7748,98,27),(7749,99,27),(7750,100,27),(7751,101,27),(7752,102,27),(7753,103,27),(7754,104,27),(7755,105,27),(7756,106,27),(7757,107,27),(7758,108,27),(7759,109,27),(7760,110,27),(7761,111,27),(7762,112,27),(7763,113,27),(7764,114,27),(7765,115,27),(7766,116,27),(7767,117,27),(7768,118,27),(7769,119,27),(7770,120,27),(7771,121,27),(7772,122,27),(7773,123,27),(7774,124,27),(7775,125,27),(7776,126,27),(7777,127,27),(7778,128,27),(7779,129,27),(7780,130,27),(7781,131,27),(7782,132,27),(7783,133,27),(7784,134,27),(7785,135,27),(7786,136,27),(7787,137,27),(7788,138,27),(7789,139,27),(7790,140,27),(7791,141,27),(7792,142,27),(7793,143,27),(7794,144,27),(7795,145,27),(7796,146,27),(7797,147,27),(7798,148,27),(7799,149,27),(7800,150,27),(7801,151,27),(7802,152,27),(7803,153,27),(7804,154,27),(7805,155,27),(7806,156,27),(7807,157,27),(7808,158,27),(7809,159,27),(7810,160,27),(7811,161,27),(7812,162,27),(7813,163,27),(7814,164,27),(7815,165,27),(7816,166,27),(7817,167,27),(7818,168,27),(7819,169,27),(7820,170,27),(7821,171,27),(7822,172,27),(7823,173,27),(7824,174,27),(7825,175,27),(7826,176,27),(7827,177,27),(7828,178,27),(7829,179,27),(7830,180,27),(7831,181,27),(7832,182,27),(7833,183,27),(7834,184,27),(7835,185,27),(7836,186,27),(7837,187,27),(7838,188,27),(7839,189,27),(7840,190,27),(7841,191,27),(7842,192,27),(7843,193,27),(7844,194,27),(7845,195,27),(7846,196,27),(7847,197,27),(7848,198,27),(7849,199,27),(7850,200,27),(7851,1,28),(7852,2,28),(7853,3,28),(7854,4,28),(7855,5,28),(7856,6,28),(7857,7,28),(7858,8,28),(7859,9,28),(7860,10,28),(7861,11,28),(7862,12,28),(7863,13,28),(7864,14,28),(7865,15,28),(7866,16,28),(7867,17,28),(7868,18,28),(7869,19,28),(7870,20,28),(7871,21,28),(7872,22,28),(7873,23,28),(7874,24,28),(7875,25,28),(7876,26,28),(7877,27,28),(7878,28,28),(7879,29,28),(7880,30,28),(7881,31,28),(7882,32,28),(7883,33,28),(7884,34,28),(7885,35,28),(7886,36,28),(7887,37,28),(7888,38,28),(7889,39,28),(7890,40,28),(7891,41,28),(7892,42,28),(7893,43,28),(7894,44,28),(7895,45,28),(7896,46,28),(7897,47,28),(7898,48,28),(7899,49,28),(7900,50,28),(7901,51,28),(7902,52,28),(7903,53,28),(7904,54,28),(7905,55,28),(7906,56,28),(7907,57,28),(7908,58,28),(7909,59,28),(7910,60,28),(7911,61,28),(7912,62,28),(7913,63,28),(7914,64,28),(7915,65,28),(7916,66,28),(7917,67,28),(7918,68,28),(7919,69,28),(7920,70,28),(7921,71,28),(7922,72,28),(7923,73,28),(7924,74,28),(7925,75,28),(7926,76,28),(7927,77,28),(7928,78,28),(7929,79,28),(7930,80,28),(7931,81,28),(7932,82,28),(7933,83,28),(7934,84,28),(7935,85,28),(7936,86,28),(7937,87,28),(7938,88,28),(7939,89,28),(7940,90,28),(7941,91,28),(7942,92,28),(7943,93,28),(7944,94,28),(7945,95,28),(7946,96,28),(7947,97,28),(7948,98,28),(7949,99,28),(7950,100,28),(7951,101,28),(7952,102,28),(7953,103,28),(7954,104,28),(7955,105,28),(7956,106,28),(7957,107,28),(7958,108,28),(7959,109,28),(7960,110,28),(7961,111,28),(7962,112,28),(7963,113,28),(7964,114,28),(7965,115,28),(7966,116,28),(7967,117,28),(7968,118,28),(7969,119,28),(7970,120,28),(7971,121,28),(7972,122,28),(7973,123,28),(7974,124,28),(7975,125,28),(7976,126,28),(7977,127,28),(7978,128,28),(7979,129,28),(7980,130,28),(7981,131,28),(7982,132,28),(7983,133,28),(7984,134,28),(7985,135,28),(7986,136,28),(7987,137,28),(7988,138,28),(7989,139,28),(7990,140,28),(7991,141,28),(7992,142,28),(7993,143,28),(7994,144,28),(7995,145,28),(7996,146,28),(7997,147,28),(7998,148,28),(7999,149,28),(8000,150,28),(8001,151,28),(8002,152,28),(8003,153,28),(8004,154,28),(8005,155,28),(8006,156,28),(8007,157,28),(8008,158,28),(8009,159,28),(8010,160,28),(8011,161,28),(8012,162,28),(8013,163,28),(8014,164,28),(8015,165,28),(8016,166,28),(8017,167,28),(8018,168,28),(8019,169,28),(8020,170,28),(8021,171,28),(8022,172,28),(8023,173,28),(8024,174,28),(8025,175,28),(8026,176,28),(8027,177,28),(8028,178,28),(8029,179,28),(8030,180,28),(8031,181,28),(8032,182,28),(8033,183,28),(8034,184,28),(8035,185,28),(8036,186,28),(8037,187,28),(8038,188,28),(8039,189,28),(8040,190,28),(8041,191,28),(8042,192,28),(8043,193,28),(8044,194,28),(8045,195,28),(8046,196,28),(8047,197,28),(8048,198,28),(8049,199,28),(8050,200,28),(8051,201,28),(8052,202,28),(8053,203,28),(8054,204,28),(8055,205,28),(8056,206,28),(8057,207,28),(8058,208,28),(8059,209,28),(8060,210,28),(8061,211,28),(8062,212,28),(8063,213,28),(8064,214,28),(8065,215,28),(8066,216,28),(8067,217,28),(8068,218,28),(8069,219,28),(8070,220,28),(8071,221,28),(8072,222,28),(8073,223,28),(8074,224,28),(8075,225,28),(8076,226,28),(8077,227,28),(8078,228,28),(8079,229,28),(8080,230,28),(8081,231,28),(8082,232,28),(8083,233,28),(8084,234,28),(8085,235,28),(8086,236,28),(8087,237,28),(8088,238,28),(8089,239,28),(8090,240,28),(8091,241,28),(8092,242,28),(8093,243,28),(8094,244,28),(8095,245,28),(8096,246,28),(8097,247,28),(8098,248,28),(8099,249,28),(8100,250,28),(8101,251,28),(8102,252,28),(8103,253,28),(8104,254,28),(8105,255,28),(8106,256,28),(8107,257,28),(8108,258,28),(8109,259,28),(8110,260,28),(8111,261,28),(8112,262,28),(8113,263,28),(8114,264,28),(8115,265,28),(8116,266,28),(8117,267,28),(8118,268,28),(8119,269,28),(8120,270,28),(8121,271,28),(8122,272,28),(8123,273,28),(8124,274,28),(8125,275,28),(8126,276,28),(8127,277,28),(8128,278,28),(8129,279,28),(8130,280,28),(8131,281,28),(8132,282,28),(8133,283,28),(8134,284,28),(8135,285,28),(8136,286,28),(8137,287,28),(8138,288,28),(8139,289,28),(8140,290,28),(8141,291,28),(8142,292,28),(8143,293,28),(8144,294,28),(8145,295,28),(8146,296,28),(8147,297,28),(8148,298,28),(8149,299,28),(8150,300,28),(8151,301,28),(8152,302,28),(8153,303,28),(8154,304,28),(8155,305,28),(8156,306,28),(8157,307,28),(8158,308,28),(8159,309,28),(8160,310,28),(8161,311,28),(8162,312,28),(8163,313,28),(8164,314,28),(8165,315,28),(8166,316,28),(8167,317,28),(8168,318,28),(8169,319,28),(8170,320,28),(8171,321,28),(8172,322,28),(8173,323,28),(8174,324,28),(8175,325,28),(8176,326,28),(8177,327,28),(8178,328,28),(8179,329,28),(8180,330,28),(8181,331,28),(8182,332,28),(8183,333,28),(8184,334,28),(8185,335,28),(8186,336,28),(8187,337,28),(8188,338,28),(8189,339,28),(8190,340,28),(8191,341,28),(8192,342,28),(8193,343,28),(8194,344,28),(8195,345,28),(8196,346,28),(8197,347,28),(8198,348,28),(8199,349,28),(8200,350,28),(8201,351,28),(8202,352,28),(8203,353,28),(8204,354,28),(8205,355,28),(8206,356,28),(8207,357,28),(8208,358,28),(8209,359,28),(8210,360,28),(8211,361,28),(8212,362,28),(8213,363,28),(8214,364,28),(8215,365,28),(8216,366,28),(8217,367,28),(8218,368,28),(8219,369,28),(8220,370,28),(8221,371,28),(8222,372,28),(8223,373,28),(8224,374,28),(8225,375,28),(8226,376,28),(8227,377,28),(8228,378,28),(8229,379,28),(8230,380,28),(8231,381,28),(8232,382,28),(8233,383,28),(8234,384,28),(8235,385,28),(8236,386,28),(8237,387,28),(8238,388,28),(8239,389,28),(8240,390,28),(8241,391,28),(8242,392,28),(8243,393,28),(8244,394,28),(8245,395,28),(8246,396,28),(8247,397,28),(8248,398,28),(8249,399,28),(8250,400,28),(8251,401,28),(8252,402,28),(8253,403,28),(8254,404,28),(8255,405,28),(8256,406,28),(8257,407,28),(8258,408,28),(8259,409,28),(8260,410,28),(8261,411,28),(8262,412,28),(8263,413,28),(8264,414,28),(8265,415,28),(8266,416,28),(8267,417,28),(8268,418,28),(8269,419,28),(8270,420,28),(8271,421,28),(8272,422,28),(8273,423,28),(8274,424,28),(8275,425,28),(8276,426,28),(8277,427,28),(8278,428,28),(8279,429,28),(8280,430,28),(8281,431,28),(8282,432,28),(8283,433,28),(8284,434,28),(8285,435,28),(8286,436,28),(8287,437,28),(8288,438,28),(8289,439,28),(8290,440,28),(8291,441,28),(8292,442,28),(8293,443,28),(8294,444,28),(8295,445,28),(8296,446,28),(8297,447,28),(8298,448,28),(8299,449,28),(8300,450,28),(8301,1,29),(8302,2,29),(8303,3,29),(8304,4,29),(8305,5,29),(8306,6,29),(8307,7,29),(8308,8,29),(8309,9,29),(8310,10,29),(8311,11,29),(8312,12,29),(8313,13,29),(8314,14,29),(8315,15,29),(8316,16,29),(8317,17,29),(8318,18,29),(8319,19,29),(8320,20,29),(8321,21,29),(8322,22,29),(8323,23,29),(8324,24,29),(8325,25,29),(8326,26,29),(8327,27,29),(8328,28,29),(8329,29,29),(8330,30,29),(8331,31,29),(8332,32,29),(8333,33,29),(8334,34,29),(8335,35,29),(8336,36,29),(8337,37,29),(8338,38,29),(8339,39,29),(8340,40,29),(8341,41,29),(8342,42,29),(8343,43,29),(8344,44,29),(8345,45,29),(8346,46,29),(8347,47,29),(8348,48,29),(8349,49,29),(8350,50,29),(8351,51,29),(8352,52,29),(8353,53,29),(8354,54,29),(8355,55,29),(8356,56,29),(8357,57,29),(8358,58,29),(8359,59,29),(8360,60,29),(8361,61,29),(8362,62,29),(8363,63,29),(8364,64,29),(8365,65,29),(8366,66,29),(8367,67,29),(8368,68,29),(8369,69,29),(8370,70,29),(8371,71,29),(8372,72,29),(8373,73,29),(8374,74,29),(8375,75,29),(8376,76,29),(8377,77,29),(8378,78,29),(8379,79,29),(8380,80,29),(8381,81,29),(8382,82,29),(8383,83,29),(8384,84,29),(8385,85,29),(8386,86,29),(8387,87,29),(8388,88,29),(8389,89,29),(8390,90,29),(8391,91,29),(8392,92,29),(8393,93,29),(8394,94,29),(8395,95,29),(8396,96,29),(8397,97,29),(8398,98,29),(8399,99,29),(8400,100,29),(8401,101,29),(8402,102,29),(8403,103,29),(8404,104,29),(8405,105,29),(8406,106,29),(8407,107,29),(8408,108,29),(8409,109,29),(8410,110,29),(8411,111,29),(8412,112,29),(8413,113,29),(8414,114,29),(8415,115,29),(8416,116,29),(8417,117,29),(8418,118,29),(8419,119,29),(8420,120,29),(8421,121,29),(8422,122,29),(8423,123,29),(8424,124,29),(8425,125,29),(8426,126,29),(8427,127,29),(8428,128,29),(8429,129,29),(8430,130,29),(8431,131,29),(8432,132,29),(8433,133,29),(8434,134,29),(8435,135,29),(8436,136,29),(8437,137,29),(8438,138,29),(8439,139,29),(8440,140,29),(8441,141,29),(8442,142,29),(8443,143,29),(8444,144,29),(8445,145,29),(8446,146,29),(8447,147,29),(8448,148,29),(8449,149,29),(8450,150,29),(8451,151,29),(8452,152,29),(8453,153,29),(8454,154,29),(8455,155,29),(8456,156,29),(8457,157,29),(8458,158,29),(8459,159,29),(8460,160,29),(8461,161,29),(8462,162,29),(8463,163,29),(8464,164,29),(8465,165,29),(8466,166,29),(8467,167,29),(8468,168,29),(8469,169,29),(8470,170,29),(8471,171,29),(8472,172,29),(8473,173,29),(8474,174,29),(8475,175,29),(8476,176,29),(8477,177,29),(8478,178,29),(8479,179,29),(8480,180,29),(8481,181,29),(8482,182,29),(8483,183,29),(8484,184,29),(8485,185,29),(8486,186,29),(8487,187,29),(8488,188,29),(8489,189,29),(8490,190,29),(8491,191,29),(8492,192,29),(8493,193,29),(8494,194,29),(8495,195,29),(8496,196,29),(8497,197,29),(8498,198,29),(8499,199,29),(8500,200,29),(8501,201,29),(8502,202,29),(8503,203,29),(8504,204,29),(8505,205,29),(8506,206,29),(8507,207,29),(8508,208,29),(8509,209,29),(8510,210,29),(8511,211,29),(8512,212,29),(8513,213,29),(8514,214,29),(8515,215,29),(8516,216,29),(8517,217,29),(8518,218,29),(8519,219,29),(8520,220,29),(8521,221,29),(8522,222,29),(8523,223,29),(8524,224,29),(8525,225,29),(8526,226,29),(8527,227,29),(8528,228,29),(8529,229,29),(8530,230,29),(8531,231,29),(8532,232,29),(8533,233,29),(8534,234,29),(8535,235,29),(8536,236,29),(8537,237,29),(8538,238,29),(8539,239,29),(8540,240,29),(8541,241,29),(8542,242,29),(8543,243,29),(8544,244,29),(8545,245,29),(8546,246,29),(8547,247,29),(8548,248,29),(8549,249,29),(8550,250,29),(8551,251,29),(8552,252,29),(8553,253,29),(8554,254,29),(8555,255,29),(8556,256,29),(8557,257,29),(8558,258,29),(8559,259,29),(8560,260,29),(8561,261,29),(8562,262,29),(8563,263,29),(8564,264,29),(8565,265,29),(8566,266,29),(8567,267,29),(8568,268,29),(8569,269,29),(8570,270,29),(8571,271,29),(8572,272,29),(8573,273,29),(8574,274,29),(8575,275,29),(8576,276,29),(8577,277,29),(8578,278,29),(8579,279,29),(8580,280,29),(8581,281,29),(8582,282,29),(8583,283,29),(8584,284,29),(8585,285,29),(8586,286,29),(8587,287,29),(8588,288,29),(8589,289,29),(8590,290,29),(8591,291,29),(8592,292,29),(8593,293,29),(8594,294,29),(8595,295,29),(8596,296,29),(8597,297,29),(8598,298,29),(8599,299,29),(8600,300,29),(8601,1,30),(8602,2,30),(8603,3,30),(8604,4,30),(8605,5,30),(8606,6,30),(8607,7,30),(8608,8,30),(8609,9,30),(8610,10,30),(8611,11,30),(8612,12,30),(8613,13,30),(8614,14,30),(8615,15,30),(8616,16,30),(8617,17,30),(8618,18,30),(8619,19,30),(8620,20,30),(8621,21,30),(8622,22,30),(8623,23,30),(8624,24,30),(8625,25,30),(8626,26,30),(8627,27,30),(8628,28,30),(8629,29,30),(8630,30,30),(8631,31,30),(8632,32,30),(8633,33,30),(8634,34,30),(8635,35,30),(8636,36,30),(8637,37,30),(8638,38,30),(8639,39,30),(8640,40,30),(8641,41,30),(8642,42,30),(8643,43,30),(8644,44,30),(8645,45,30),(8646,46,30),(8647,47,30),(8648,48,30),(8649,49,30),(8650,50,30),(8651,51,30),(8652,52,30),(8653,53,30),(8654,54,30),(8655,55,30),(8656,56,30),(8657,57,30),(8658,58,30),(8659,59,30),(8660,60,30),(8661,61,30),(8662,62,30),(8663,63,30),(8664,64,30),(8665,65,30),(8666,66,30),(8667,67,30),(8668,68,30),(8669,69,30),(8670,70,30),(8671,71,30),(8672,72,30),(8673,73,30),(8674,74,30),(8675,75,30),(8676,76,30),(8677,77,30),(8678,78,30),(8679,79,30),(8680,80,30),(8681,81,30),(8682,82,30),(8683,83,30),(8684,84,30),(8685,85,30),(8686,86,30),(8687,87,30),(8688,88,30),(8689,89,30),(8690,90,30),(8691,91,30),(8692,92,30),(8693,93,30),(8694,94,30),(8695,95,30),(8696,96,30),(8697,97,30),(8698,98,30),(8699,99,30),(8700,100,30),(8701,101,30),(8702,102,30),(8703,103,30),(8704,104,30),(8705,105,30),(8706,106,30),(8707,107,30),(8708,108,30),(8709,109,30),(8710,110,30),(8711,111,30),(8712,112,30),(8713,113,30),(8714,114,30),(8715,115,30),(8716,116,30),(8717,117,30),(8718,118,30),(8719,119,30),(8720,120,30),(8721,121,30),(8722,122,30),(8723,123,30),(8724,124,30),(8725,125,30),(8726,126,30),(8727,127,30),(8728,128,30),(8729,129,30),(8730,130,30),(8731,131,30),(8732,132,30),(8733,133,30),(8734,134,30),(8735,135,30),(8736,136,30),(8737,137,30),(8738,138,30),(8739,139,30),(8740,140,30),(8741,141,30),(8742,142,30),(8743,143,30),(8744,144,30),(8745,145,30),(8746,146,30),(8747,147,30),(8748,148,30),(8749,149,30),(8750,150,30),(8751,151,30),(8752,152,30),(8753,153,30),(8754,154,30),(8755,155,30),(8756,156,30),(8757,157,30),(8758,158,30),(8759,159,30),(8760,160,30),(8761,161,30),(8762,162,30),(8763,163,30),(8764,164,30),(8765,165,30),(8766,166,30),(8767,167,30),(8768,168,30),(8769,169,30),(8770,170,30),(8771,171,30),(8772,172,30),(8773,173,30),(8774,174,30),(8775,175,30),(8776,176,30),(8777,177,30),(8778,178,30),(8779,179,30),(8780,180,30),(8781,181,30),(8782,182,30),(8783,183,30),(8784,184,30),(8785,185,30),(8786,186,30),(8787,187,30),(8788,188,30),(8789,189,30),(8790,190,30),(8791,191,30),(8792,192,30),(8793,193,30),(8794,194,30),(8795,195,30),(8796,196,30),(8797,197,30),(8798,198,30),(8799,199,30),(8800,200,30),(8801,1,31),(8802,2,31),(8803,3,31),(8804,4,31),(8805,5,31),(8806,6,31),(8807,7,31),(8808,8,31),(8809,9,31),(8810,10,31),(8811,11,31),(8812,12,31),(8813,13,31),(8814,14,31),(8815,15,31),(8816,16,31),(8817,17,31),(8818,18,31),(8819,19,31),(8820,20,31),(8821,21,31),(8822,22,31),(8823,23,31),(8824,24,31),(8825,25,31),(8826,26,31),(8827,27,31),(8828,28,31),(8829,29,31),(8830,30,31),(8831,31,31),(8832,32,31),(8833,33,31),(8834,34,31),(8835,35,31),(8836,36,31),(8837,37,31),(8838,38,31),(8839,39,31),(8840,40,31),(8841,41,31),(8842,42,31),(8843,43,31),(8844,44,31),(8845,45,31),(8846,46,31),(8847,47,31),(8848,48,31),(8849,49,31),(8850,50,31),(8851,51,31),(8852,52,31),(8853,53,31),(8854,54,31),(8855,55,31),(8856,56,31),(8857,57,31),(8858,58,31),(8859,59,31),(8860,60,31),(8861,61,31),(8862,62,31),(8863,63,31),(8864,64,31),(8865,65,31),(8866,66,31),(8867,67,31),(8868,68,31),(8869,69,31),(8870,70,31),(8871,71,31),(8872,72,31),(8873,73,31),(8874,74,31),(8875,75,31),(8876,76,31),(8877,77,31),(8878,78,31),(8879,79,31),(8880,80,31),(8881,81,31),(8882,82,31),(8883,83,31),(8884,84,31),(8885,85,31),(8886,86,31),(8887,87,31),(8888,88,31),(8889,89,31),(8890,90,31),(8891,91,31),(8892,92,31),(8893,93,31),(8894,94,31),(8895,95,31),(8896,96,31),(8897,97,31),(8898,98,31),(8899,99,31),(8900,100,31),(8901,101,31),(8902,102,31),(8903,103,31),(8904,104,31),(8905,105,31),(8906,106,31),(8907,107,31),(8908,108,31),(8909,109,31),(8910,110,31),(8911,111,31),(8912,112,31),(8913,113,31),(8914,114,31),(8915,115,31),(8916,116,31),(8917,117,31),(8918,118,31),(8919,119,31),(8920,120,31),(8921,121,31),(8922,122,31),(8923,123,31),(8924,124,31),(8925,125,31),(8926,126,31),(8927,127,31),(8928,128,31),(8929,129,31),(8930,130,31),(8931,131,31),(8932,132,31),(8933,133,31),(8934,134,31),(8935,135,31),(8936,136,31),(8937,137,31),(8938,138,31),(8939,139,31),(8940,140,31),(8941,141,31),(8942,142,31),(8943,143,31),(8944,144,31),(8945,145,31),(8946,146,31),(8947,147,31),(8948,148,31),(8949,149,31),(8950,150,31),(8951,151,31),(8952,152,31),(8953,153,31),(8954,154,31),(8955,155,31),(8956,156,31),(8957,157,31),(8958,158,31),(8959,159,31),(8960,160,31),(8961,161,31),(8962,162,31),(8963,163,31),(8964,164,31),(8965,165,31),(8966,166,31),(8967,167,31),(8968,168,31),(8969,169,31),(8970,170,31),(8971,171,31),(8972,172,31),(8973,173,31),(8974,174,31),(8975,175,31),(8976,176,31),(8977,177,31),(8978,178,31),(8979,179,31),(8980,180,31),(8981,181,31),(8982,182,31),(8983,183,31),(8984,184,31),(8985,185,31),(8986,186,31),(8987,187,31),(8988,188,31),(8989,189,31),(8990,190,31),(8991,191,31),(8992,192,31),(8993,193,31),(8994,194,31),(8995,195,31),(8996,196,31),(8997,197,31),(8998,198,31),(8999,199,31),(9000,200,31),(9001,201,31),(9002,202,31),(9003,203,31),(9004,204,31),(9005,205,31),(9006,206,31),(9007,207,31),(9008,208,31),(9009,209,31),(9010,210,31),(9011,211,31),(9012,212,31),(9013,213,31),(9014,214,31),(9015,215,31),(9016,216,31),(9017,217,31),(9018,218,31),(9019,219,31),(9020,220,31),(9021,221,31),(9022,222,31),(9023,223,31),(9024,224,31),(9025,225,31),(9026,226,31),(9027,227,31),(9028,228,31),(9029,229,31),(9030,230,31),(9031,231,31),(9032,232,31),(9033,233,31),(9034,234,31),(9035,235,31),(9036,236,31),(9037,237,31),(9038,238,31),(9039,239,31),(9040,240,31),(9041,241,31),(9042,242,31),(9043,243,31),(9044,244,31),(9045,245,31),(9046,246,31),(9047,247,31),(9048,248,31),(9049,249,31),(9050,250,31),(9051,251,31),(9052,252,31),(9053,253,31),(9054,254,31),(9055,255,31),(9056,256,31),(9057,257,31),(9058,258,31),(9059,259,31),(9060,260,31),(9061,261,31),(9062,262,31),(9063,263,31),(9064,264,31),(9065,265,31),(9066,266,31),(9067,267,31),(9068,268,31),(9069,269,31),(9070,270,31),(9071,271,31),(9072,272,31),(9073,273,31),(9074,274,31),(9075,275,31),(9076,276,31),(9077,277,31),(9078,278,31),(9079,279,31),(9080,280,31),(9081,281,31),(9082,282,31),(9083,283,31),(9084,284,31),(9085,285,31),(9086,286,31),(9087,287,31),(9088,288,31),(9089,289,31),(9090,290,31),(9091,291,31),(9092,292,31),(9093,293,31),(9094,294,31),(9095,295,31),(9096,296,31),(9097,297,31),(9098,298,31),(9099,299,31),(9100,300,31),(9101,301,31),(9102,302,31),(9103,303,31),(9104,304,31),(9105,305,31),(9106,306,31),(9107,307,31),(9108,308,31),(9109,309,31),(9110,310,31),(9111,311,31),(9112,312,31),(9113,313,31),(9114,314,31),(9115,315,31),(9116,316,31),(9117,317,31),(9118,318,31),(9119,319,31),(9120,320,31),(9121,321,31),(9122,322,31),(9123,323,31),(9124,324,31),(9125,325,31),(9126,326,31),(9127,327,31),(9128,328,31),(9129,329,31),(9130,330,31),(9131,331,31),(9132,332,31),(9133,333,31),(9134,334,31),(9135,335,31),(9136,336,31),(9137,337,31),(9138,338,31),(9139,339,31),(9140,340,31),(9141,341,31),(9142,342,31),(9143,343,31),(9144,344,31),(9145,345,31),(9146,346,31),(9147,347,31),(9148,348,31),(9149,349,31),(9150,350,31),(9151,351,31),(9152,352,31),(9153,353,31),(9154,354,31),(9155,355,31),(9156,356,31),(9157,357,31),(9158,358,31),(9159,359,31),(9160,360,31),(9161,361,31),(9162,362,31),(9163,363,31),(9164,364,31),(9165,365,31),(9166,366,31),(9167,367,31),(9168,368,31),(9169,369,31),(9170,370,31),(9171,371,31),(9172,372,31),(9173,373,31),(9174,374,31),(9175,375,31),(9176,376,31),(9177,377,31),(9178,378,31),(9179,379,31),(9180,380,31),(9181,381,31),(9182,382,31),(9183,383,31),(9184,384,31),(9185,385,31),(9186,386,31),(9187,387,31),(9188,388,31),(9189,389,31),(9190,390,31),(9191,391,31),(9192,392,31),(9193,393,31),(9194,394,31),(9195,395,31),(9196,396,31),(9197,397,31),(9198,398,31),(9199,399,31),(9200,400,31),(9201,1,32),(9202,2,32),(9203,3,32),(9204,4,32),(9205,5,32),(9206,6,32),(9207,7,32),(9208,8,32),(9209,9,32),(9210,10,32),(9211,11,32),(9212,12,32),(9213,13,32),(9214,14,32),(9215,15,32),(9216,16,32),(9217,17,32),(9218,18,32),(9219,19,32),(9220,20,32),(9221,21,32),(9222,22,32),(9223,23,32),(9224,24,32),(9225,25,32),(9226,26,32),(9227,27,32),(9228,28,32),(9229,29,32),(9230,30,32),(9231,31,32),(9232,32,32),(9233,33,32),(9234,34,32),(9235,35,32),(9236,36,32),(9237,37,32),(9238,38,32),(9239,39,32),(9240,40,32),(9241,41,32),(9242,42,32),(9243,43,32),(9244,44,32),(9245,45,32),(9246,46,32),(9247,47,32),(9248,48,32),(9249,49,32),(9250,50,32),(9251,51,32),(9252,52,32),(9253,53,32),(9254,54,32),(9255,55,32),(9256,56,32),(9257,57,32),(9258,58,32),(9259,59,32),(9260,60,32),(9261,61,32),(9262,62,32),(9263,63,32),(9264,64,32),(9265,65,32),(9266,66,32),(9267,67,32),(9268,68,32),(9269,69,32),(9270,70,32),(9271,71,32),(9272,72,32),(9273,73,32),(9274,74,32),(9275,75,32),(9276,76,32),(9277,77,32),(9278,78,32),(9279,79,32),(9280,80,32),(9281,81,32),(9282,82,32),(9283,83,32),(9284,84,32),(9285,85,32),(9286,86,32),(9287,87,32),(9288,88,32),(9289,89,32),(9290,90,32),(9291,91,32),(9292,92,32),(9293,93,32),(9294,94,32),(9295,95,32),(9296,96,32),(9297,97,32),(9298,98,32),(9299,99,32),(9300,100,32),(9301,101,32),(9302,102,32),(9303,103,32),(9304,104,32),(9305,105,32),(9306,106,32),(9307,107,32),(9308,108,32),(9309,109,32),(9310,110,32),(9311,111,32),(9312,112,32),(9313,113,32),(9314,114,32),(9315,115,32),(9316,116,32),(9317,117,32),(9318,118,32),(9319,119,32),(9320,120,32),(9321,121,32),(9322,122,32),(9323,123,32),(9324,124,32),(9325,125,32),(9326,126,32),(9327,127,32),(9328,128,32),(9329,129,32),(9330,130,32),(9331,131,32),(9332,132,32),(9333,133,32),(9334,134,32),(9335,135,32),(9336,136,32),(9337,137,32),(9338,138,32),(9339,139,32),(9340,140,32),(9341,141,32),(9342,142,32),(9343,143,32),(9344,144,32),(9345,145,32),(9346,146,32),(9347,147,32),(9348,148,32),(9349,149,32),(9350,150,32),(9351,151,32),(9352,152,32),(9353,153,32),(9354,154,32),(9355,155,32),(9356,156,32),(9357,157,32),(9358,158,32),(9359,159,32),(9360,160,32),(9361,161,32),(9362,162,32),(9363,163,32),(9364,164,32),(9365,165,32),(9366,166,32),(9367,167,32),(9368,168,32),(9369,169,32),(9370,170,32),(9371,171,32),(9372,172,32),(9373,173,32),(9374,174,32),(9375,175,32),(9376,176,32),(9377,177,32),(9378,178,32),(9379,179,32),(9380,180,32),(9381,181,32),(9382,182,32),(9383,183,32),(9384,184,32),(9385,185,32),(9386,186,32),(9387,187,32),(9388,188,32),(9389,189,32),(9390,190,32),(9391,191,32),(9392,192,32),(9393,193,32),(9394,194,32),(9395,195,32),(9396,196,32),(9397,197,32),(9398,198,32),(9399,199,32),(9400,200,32),(9401,201,32),(9402,202,32),(9403,203,32),(9404,204,32),(9405,205,32),(9406,206,32),(9407,207,32),(9408,208,32),(9409,209,32),(9410,210,32),(9411,211,32),(9412,212,32),(9413,213,32),(9414,214,32),(9415,215,32),(9416,216,32),(9417,217,32),(9418,218,32),(9419,219,32),(9420,220,32),(9421,221,32),(9422,222,32),(9423,223,32),(9424,224,32),(9425,225,32),(9426,226,32),(9427,227,32),(9428,228,32),(9429,229,32),(9430,230,32),(9431,231,32),(9432,232,32),(9433,233,32),(9434,234,32),(9435,235,32),(9436,236,32),(9437,237,32),(9438,238,32),(9439,239,32),(9440,240,32),(9441,241,32),(9442,242,32),(9443,243,32),(9444,244,32),(9445,245,32),(9446,246,32),(9447,247,32),(9448,248,32),(9449,249,32),(9450,250,32),(9451,251,32),(9452,252,32),(9453,253,32),(9454,254,32),(9455,255,32),(9456,256,32),(9457,257,32),(9458,258,32),(9459,259,32),(9460,260,32),(9461,261,32),(9462,262,32),(9463,263,32),(9464,264,32),(9465,265,32),(9466,266,32),(9467,267,32),(9468,268,32),(9469,269,32),(9470,270,32),(9471,271,32),(9472,272,32),(9473,273,32),(9474,274,32),(9475,275,32),(9476,276,32),(9477,277,32),(9478,278,32),(9479,279,32),(9480,280,32),(9481,281,32),(9482,282,32),(9483,283,32),(9484,284,32),(9485,285,32),(9486,286,32),(9487,287,32),(9488,288,32),(9489,289,32),(9490,290,32),(9491,291,32),(9492,292,32),(9493,293,32),(9494,294,32),(9495,295,32),(9496,296,32),(9497,297,32),(9498,298,32),(9499,299,32),(9500,300,32),(9501,301,32),(9502,302,32),(9503,303,32),(9504,304,32),(9505,305,32),(9506,306,32),(9507,307,32),(9508,308,32),(9509,309,32),(9510,310,32),(9511,311,32),(9512,312,32),(9513,313,32),(9514,314,32),(9515,315,32),(9516,316,32),(9517,317,32),(9518,318,32),(9519,319,32),(9520,320,32),(9521,321,32),(9522,322,32),(9523,323,32),(9524,324,32),(9525,325,32),(9526,326,32),(9527,327,32),(9528,328,32),(9529,329,32),(9530,330,32),(9531,331,32),(9532,332,32),(9533,333,32),(9534,334,32),(9535,335,32),(9536,336,32),(9537,337,32),(9538,338,32),(9539,339,32),(9540,340,32),(9541,341,32),(9542,342,32),(9543,343,32),(9544,344,32),(9545,345,32),(9546,346,32),(9547,347,32),(9548,348,32),(9549,349,32),(9550,350,32),(9551,1,33),(9552,2,33),(9553,3,33),(9554,4,33),(9555,5,33),(9556,6,33),(9557,7,33),(9558,8,33),(9559,9,33),(9560,10,33),(9561,11,33),(9562,12,33),(9563,13,33),(9564,14,33),(9565,15,33),(9566,16,33),(9567,17,33),(9568,18,33),(9569,19,33),(9570,20,33),(9571,21,33),(9572,22,33),(9573,23,33),(9574,24,33),(9575,25,33),(9576,26,33),(9577,27,33),(9578,28,33),(9579,29,33),(9580,30,33),(9581,31,33),(9582,32,33),(9583,33,33),(9584,34,33),(9585,35,33),(9586,36,33),(9587,37,33),(9588,38,33),(9589,39,33),(9590,40,33),(9591,41,33),(9592,42,33),(9593,43,33),(9594,44,33),(9595,45,33),(9596,46,33),(9597,47,33),(9598,48,33),(9599,49,33),(9600,50,33),(9601,51,33),(9602,52,33),(9603,53,33),(9604,54,33),(9605,55,33),(9606,56,33),(9607,57,33),(9608,58,33),(9609,59,33),(9610,60,33),(9611,61,33),(9612,62,33),(9613,63,33),(9614,64,33),(9615,65,33),(9616,66,33),(9617,67,33),(9618,68,33),(9619,69,33),(9620,70,33),(9621,71,33),(9622,72,33),(9623,73,33),(9624,74,33),(9625,75,33),(9626,76,33),(9627,77,33),(9628,78,33),(9629,79,33),(9630,80,33),(9631,81,33),(9632,82,33),(9633,83,33),(9634,84,33),(9635,85,33),(9636,86,33),(9637,87,33),(9638,88,33),(9639,89,33),(9640,90,33),(9641,91,33),(9642,92,33),(9643,93,33),(9644,94,33),(9645,95,33),(9646,96,33),(9647,97,33),(9648,98,33),(9649,99,33),(9650,100,33),(9651,101,33),(9652,102,33),(9653,103,33),(9654,104,33),(9655,105,33),(9656,106,33),(9657,107,33),(9658,108,33),(9659,109,33),(9660,110,33),(9661,111,33),(9662,112,33),(9663,113,33),(9664,114,33),(9665,115,33),(9666,116,33),(9667,117,33),(9668,118,33),(9669,119,33),(9670,120,33),(9671,121,33),(9672,122,33),(9673,123,33),(9674,124,33),(9675,125,33),(9676,126,33),(9677,127,33),(9678,128,33),(9679,129,33),(9680,130,33),(9681,131,33),(9682,132,33),(9683,133,33),(9684,134,33),(9685,135,33),(9686,136,33),(9687,137,33),(9688,138,33),(9689,139,33),(9690,140,33),(9691,141,33),(9692,142,33),(9693,143,33),(9694,144,33),(9695,145,33),(9696,146,33),(9697,147,33),(9698,148,33),(9699,149,33),(9700,150,33),(9701,151,33),(9702,152,33),(9703,153,33),(9704,154,33),(9705,155,33),(9706,156,33),(9707,157,33),(9708,158,33),(9709,159,33),(9710,160,33),(9711,161,33),(9712,162,33),(9713,163,33),(9714,164,33),(9715,165,33),(9716,166,33),(9717,167,33),(9718,168,33),(9719,169,33),(9720,170,33),(9721,171,33),(9722,172,33),(9723,173,33),(9724,174,33),(9725,175,33),(9726,176,33),(9727,177,33),(9728,178,33),(9729,179,33),(9730,180,33),(9731,181,33),(9732,182,33),(9733,183,33),(9734,184,33),(9735,185,33),(9736,186,33),(9737,187,33),(9738,188,33),(9739,189,33),(9740,190,33),(9741,191,33),(9742,192,33),(9743,193,33),(9744,194,33),(9745,195,33),(9746,196,33),(9747,197,33),(9748,198,33),(9749,199,33),(9750,200,33),(9751,201,33),(9752,202,33),(9753,203,33),(9754,204,33),(9755,205,33),(9756,206,33),(9757,207,33),(9758,208,33),(9759,209,33),(9760,210,33),(9761,211,33),(9762,212,33),(9763,213,33),(9764,214,33),(9765,215,33),(9766,216,33),(9767,217,33),(9768,218,33),(9769,219,33),(9770,220,33),(9771,221,33),(9772,222,33),(9773,223,33),(9774,224,33),(9775,225,33),(9776,226,33),(9777,227,33),(9778,228,33),(9779,229,33),(9780,230,33),(9781,231,33),(9782,232,33),(9783,233,33),(9784,234,33),(9785,235,33),(9786,236,33),(9787,237,33),(9788,238,33),(9789,239,33),(9790,240,33),(9791,241,33),(9792,242,33),(9793,243,33),(9794,244,33),(9795,245,33),(9796,246,33),(9797,247,33),(9798,248,33),(9799,249,33),(9800,250,33),(9801,251,33),(9802,252,33),(9803,253,33),(9804,254,33),(9805,255,33),(9806,256,33),(9807,257,33),(9808,258,33),(9809,259,33),(9810,260,33),(9811,261,33),(9812,262,33),(9813,263,33),(9814,264,33),(9815,265,33),(9816,266,33),(9817,267,33),(9818,268,33),(9819,269,33),(9820,270,33),(9821,271,33),(9822,272,33),(9823,273,33),(9824,274,33),(9825,275,33),(9826,276,33),(9827,277,33),(9828,278,33),(9829,279,33),(9830,280,33),(9831,281,33),(9832,282,33),(9833,283,33),(9834,284,33),(9835,285,33),(9836,286,33),(9837,287,33),(9838,288,33),(9839,289,33),(9840,290,33),(9841,291,33),(9842,292,33),(9843,293,33),(9844,294,33),(9845,295,33),(9846,296,33),(9847,297,33),(9848,298,33),(9849,299,33),(9850,300,33),(9851,301,33),(9852,302,33),(9853,303,33),(9854,304,33),(9855,305,33),(9856,306,33),(9857,307,33),(9858,308,33),(9859,309,33),(9860,310,33),(9861,311,33),(9862,312,33),(9863,313,33),(9864,314,33),(9865,315,33),(9866,316,33),(9867,317,33),(9868,318,33),(9869,319,33),(9870,320,33),(9871,321,33),(9872,322,33),(9873,323,33),(9874,324,33),(9875,325,33),(9876,326,33),(9877,327,33),(9878,328,33),(9879,329,33),(9880,330,33),(9881,331,33),(9882,332,33),(9883,333,33),(9884,334,33),(9885,335,33),(9886,336,33),(9887,337,33),(9888,338,33),(9889,339,33),(9890,340,33),(9891,341,33),(9892,342,33),(9893,343,33),(9894,344,33),(9895,345,33),(9896,346,33),(9897,347,33),(9898,348,33),(9899,349,33),(9900,350,33),(9901,351,33),(9902,352,33),(9903,353,33),(9904,354,33),(9905,355,33),(9906,356,33),(9907,357,33),(9908,358,33),(9909,359,33),(9910,360,33),(9911,361,33),(9912,362,33),(9913,363,33),(9914,364,33),(9915,365,33),(9916,366,33),(9917,367,33),(9918,368,33),(9919,369,33),(9920,370,33),(9921,371,33),(9922,372,33),(9923,373,33),(9924,374,33),(9925,375,33),(9926,376,33),(9927,377,33),(9928,378,33),(9929,379,33),(9930,380,33),(9931,381,33),(9932,382,33),(9933,383,33),(9934,384,33),(9935,385,33),(9936,386,33),(9937,387,33),(9938,388,33),(9939,389,33),(9940,390,33),(9941,391,33),(9942,392,33),(9943,393,33),(9944,394,33),(9945,395,33),(9946,396,33),(9947,397,33),(9948,398,33),(9949,399,33),(9950,400,33),(9951,1,34),(9952,2,34),(9953,3,34),(9954,4,34),(9955,5,34),(9956,6,34),(9957,7,34),(9958,8,34),(9959,9,34),(9960,10,34),(9961,11,34),(9962,12,34),(9963,13,34),(9964,14,34),(9965,15,34),(9966,16,34),(9967,17,34),(9968,18,34),(9969,19,34),(9970,20,34),(9971,21,34),(9972,22,34),(9973,23,34),(9974,24,34),(9975,25,34),(9976,26,34),(9977,27,34),(9978,28,34),(9979,29,34),(9980,30,34),(9981,31,34),(9982,32,34),(9983,33,34),(9984,34,34),(9985,35,34),(9986,36,34),(9987,37,34),(9988,38,34),(9989,39,34),(9990,40,34),(9991,41,34),(9992,42,34),(9993,43,34),(9994,44,34),(9995,45,34),(9996,46,34),(9997,47,34),(9998,48,34),(9999,49,34),(10000,50,34),(10001,51,34),(10002,52,34),(10003,53,34),(10004,54,34),(10005,55,34),(10006,56,34),(10007,57,34),(10008,58,34),(10009,59,34),(10010,60,34),(10011,61,34),(10012,62,34),(10013,63,34),(10014,64,34),(10015,65,34),(10016,66,34),(10017,67,34),(10018,68,34),(10019,69,34),(10020,70,34),(10021,71,34),(10022,72,34),(10023,73,34),(10024,74,34),(10025,75,34),(10026,76,34),(10027,77,34),(10028,78,34),(10029,79,34),(10030,80,34),(10031,81,34),(10032,82,34),(10033,83,34),(10034,84,34),(10035,85,34),(10036,86,34),(10037,87,34),(10038,88,34),(10039,89,34),(10040,90,34),(10041,91,34),(10042,92,34),(10043,93,34),(10044,94,34),(10045,95,34),(10046,96,34),(10047,97,34),(10048,98,34),(10049,99,34),(10050,100,34),(10051,101,34),(10052,102,34),(10053,103,34),(10054,104,34),(10055,105,34),(10056,106,34),(10057,107,34),(10058,108,34),(10059,109,34),(10060,110,34),(10061,111,34),(10062,112,34),(10063,113,34),(10064,114,34),(10065,115,34),(10066,116,34),(10067,117,34),(10068,118,34),(10069,119,34),(10070,120,34),(10071,121,34),(10072,122,34),(10073,123,34),(10074,124,34),(10075,125,34),(10076,126,34),(10077,127,34),(10078,128,34),(10079,129,34),(10080,130,34),(10081,131,34),(10082,132,34),(10083,133,34),(10084,134,34),(10085,135,34),(10086,136,34),(10087,137,34),(10088,138,34),(10089,139,34),(10090,140,34),(10091,141,34),(10092,142,34),(10093,143,34),(10094,144,34),(10095,145,34),(10096,146,34),(10097,147,34),(10098,148,34),(10099,149,34),(10100,150,34),(10101,151,34),(10102,152,34),(10103,153,34),(10104,154,34),(10105,155,34),(10106,156,34),(10107,157,34),(10108,158,34),(10109,159,34),(10110,160,34),(10111,161,34),(10112,162,34),(10113,163,34),(10114,164,34),(10115,165,34),(10116,166,34),(10117,167,34),(10118,168,34),(10119,169,34),(10120,170,34),(10121,171,34),(10122,172,34),(10123,173,34),(10124,174,34),(10125,175,34),(10126,176,34),(10127,177,34),(10128,178,34),(10129,179,34),(10130,180,34),(10131,181,34),(10132,182,34),(10133,183,34),(10134,184,34),(10135,185,34),(10136,186,34),(10137,187,34),(10138,188,34),(10139,189,34),(10140,190,34),(10141,191,34),(10142,192,34),(10143,193,34),(10144,194,34),(10145,195,34),(10146,196,34),(10147,197,34),(10148,198,34),(10149,199,34),(10150,200,34),(10151,201,34),(10152,202,34),(10153,203,34),(10154,204,34),(10155,205,34),(10156,206,34),(10157,207,34),(10158,208,34),(10159,209,34),(10160,210,34),(10161,211,34),(10162,212,34),(10163,213,34),(10164,214,34),(10165,215,34),(10166,216,34),(10167,217,34),(10168,218,34),(10169,219,34),(10170,220,34),(10171,221,34),(10172,222,34),(10173,223,34),(10174,224,34),(10175,225,34),(10176,226,34),(10177,227,34),(10178,228,34),(10179,229,34),(10180,230,34),(10181,231,34),(10182,232,34),(10183,233,34),(10184,234,34),(10185,235,34),(10186,236,34),(10187,237,34),(10188,238,34),(10189,239,34),(10190,240,34),(10191,241,34),(10192,242,34),(10193,243,34),(10194,244,34),(10195,245,34),(10196,246,34),(10197,247,34),(10198,248,34),(10199,249,34),(10200,250,34),(10201,251,34),(10202,252,34),(10203,253,34),(10204,254,34),(10205,255,34),(10206,256,34),(10207,257,34),(10208,258,34),(10209,259,34),(10210,260,34),(10211,261,34),(10212,262,34),(10213,263,34),(10214,264,34),(10215,265,34),(10216,266,34),(10217,267,34),(10218,268,34),(10219,269,34),(10220,270,34),(10221,271,34),(10222,272,34),(10223,273,34),(10224,274,34),(10225,275,34),(10226,276,34),(10227,277,34),(10228,278,34),(10229,279,34),(10230,280,34),(10231,281,34),(10232,282,34),(10233,283,34),(10234,284,34),(10235,285,34),(10236,286,34),(10237,287,34),(10238,288,34),(10239,289,34),(10240,290,34),(10241,291,34),(10242,292,34),(10243,293,34),(10244,294,34),(10245,295,34),(10246,296,34),(10247,297,34),(10248,298,34),(10249,299,34),(10250,300,34),(10251,301,34),(10252,302,34),(10253,303,34),(10254,304,34),(10255,305,34),(10256,306,34),(10257,307,34),(10258,308,34),(10259,309,34),(10260,310,34),(10261,311,34),(10262,312,34),(10263,313,34),(10264,314,34),(10265,315,34),(10266,316,34),(10267,317,34),(10268,318,34),(10269,319,34),(10270,320,34),(10271,321,34),(10272,322,34),(10273,323,34),(10274,324,34),(10275,325,34),(10276,326,34),(10277,327,34),(10278,328,34),(10279,329,34),(10280,330,34),(10281,331,34),(10282,332,34),(10283,333,34),(10284,334,34),(10285,335,34),(10286,336,34),(10287,337,34),(10288,338,34),(10289,339,34),(10290,340,34),(10291,341,34),(10292,342,34),(10293,343,34),(10294,344,34),(10295,345,34),(10296,346,34),(10297,347,34),(10298,348,34),(10299,349,34),(10300,350,34),(10301,351,34),(10302,352,34),(10303,353,34),(10304,354,34),(10305,355,34),(10306,356,34),(10307,357,34),(10308,358,34),(10309,359,34),(10310,360,34),(10311,361,34),(10312,362,34),(10313,363,34),(10314,364,34),(10315,365,34),(10316,366,34),(10317,367,34),(10318,368,34),(10319,369,34),(10320,370,34),(10321,371,34),(10322,372,34),(10323,373,34),(10324,374,34),(10325,375,34),(10326,376,34),(10327,377,34),(10328,378,34),(10329,379,34),(10330,380,34),(10331,381,34),(10332,382,34),(10333,383,34),(10334,384,34),(10335,385,34),(10336,386,34),(10337,387,34),(10338,388,34),(10339,389,34),(10340,390,34),(10341,391,34),(10342,392,34),(10343,393,34),(10344,394,34),(10345,395,34),(10346,396,34),(10347,397,34),(10348,398,34),(10349,399,34),(10350,400,34),(10351,1,35),(10352,2,35),(10353,3,35),(10354,4,35),(10355,5,35),(10356,6,35),(10357,7,35),(10358,8,35),(10359,9,35),(10360,10,35),(10361,11,35),(10362,12,35),(10363,13,35),(10364,14,35),(10365,15,35),(10366,16,35),(10367,17,35),(10368,18,35),(10369,19,35),(10370,20,35),(10371,21,35),(10372,22,35),(10373,23,35),(10374,24,35),(10375,25,35),(10376,26,35),(10377,27,35),(10378,28,35),(10379,29,35),(10380,30,35),(10381,31,35),(10382,32,35),(10383,33,35),(10384,34,35),(10385,35,35),(10386,36,35),(10387,37,35),(10388,38,35),(10389,39,35),(10390,40,35),(10391,41,35),(10392,42,35),(10393,43,35),(10394,44,35),(10395,45,35),(10396,46,35),(10397,47,35),(10398,48,35),(10399,49,35),(10400,50,35),(10401,51,35),(10402,52,35),(10403,53,35),(10404,54,35),(10405,55,35),(10406,56,35),(10407,57,35),(10408,58,35),(10409,59,35),(10410,60,35),(10411,61,35),(10412,62,35),(10413,63,35),(10414,64,35),(10415,65,35),(10416,66,35),(10417,67,35),(10418,68,35),(10419,69,35),(10420,70,35),(10421,71,35),(10422,72,35),(10423,73,35),(10424,74,35),(10425,75,35),(10426,76,35),(10427,77,35),(10428,78,35),(10429,79,35),(10430,80,35),(10431,81,35),(10432,82,35),(10433,83,35),(10434,84,35),(10435,85,35),(10436,86,35),(10437,87,35),(10438,88,35),(10439,89,35),(10440,90,35),(10441,91,35),(10442,92,35),(10443,93,35),(10444,94,35),(10445,95,35),(10446,96,35),(10447,97,35),(10448,98,35),(10449,99,35),(10450,100,35),(10451,101,35),(10452,102,35),(10453,103,35),(10454,104,35),(10455,105,35),(10456,106,35),(10457,107,35),(10458,108,35),(10459,109,35),(10460,110,35),(10461,111,35),(10462,112,35),(10463,113,35),(10464,114,35),(10465,115,35),(10466,116,35),(10467,117,35),(10468,118,35),(10469,119,35),(10470,120,35),(10471,121,35),(10472,122,35),(10473,123,35),(10474,124,35),(10475,125,35),(10476,126,35),(10477,127,35),(10478,128,35),(10479,129,35),(10480,130,35),(10481,131,35),(10482,132,35),(10483,133,35),(10484,134,35),(10485,135,35),(10486,136,35),(10487,137,35),(10488,138,35),(10489,139,35),(10490,140,35),(10491,141,35),(10492,142,35),(10493,143,35),(10494,144,35),(10495,145,35),(10496,146,35),(10497,147,35),(10498,148,35),(10499,149,35),(10500,150,35),(10501,151,35),(10502,152,35),(10503,153,35),(10504,154,35),(10505,155,35),(10506,156,35),(10507,157,35),(10508,158,35),(10509,159,35),(10510,160,35),(10511,161,35),(10512,162,35),(10513,163,35),(10514,164,35),(10515,165,35),(10516,166,35),(10517,167,35),(10518,168,35),(10519,169,35),(10520,170,35),(10521,171,35),(10522,172,35),(10523,173,35),(10524,174,35),(10525,175,35),(10526,176,35),(10527,177,35),(10528,178,35),(10529,179,35),(10530,180,35),(10531,181,35),(10532,182,35),(10533,183,35),(10534,184,35),(10535,185,35),(10536,186,35),(10537,187,35),(10538,188,35),(10539,189,35),(10540,190,35),(10541,191,35),(10542,192,35),(10543,193,35),(10544,194,35),(10545,195,35),(10546,196,35),(10547,197,35),(10548,198,35),(10549,199,35),(10550,200,35),(10551,201,35),(10552,202,35),(10553,203,35),(10554,204,35),(10555,205,35),(10556,206,35),(10557,207,35),(10558,208,35),(10559,209,35),(10560,210,35),(10561,211,35),(10562,212,35),(10563,213,35),(10564,214,35),(10565,215,35),(10566,216,35),(10567,217,35),(10568,218,35),(10569,219,35),(10570,220,35),(10571,221,35),(10572,222,35),(10573,223,35),(10574,224,35),(10575,225,35),(10576,226,35),(10577,227,35),(10578,228,35),(10579,229,35),(10580,230,35),(10581,231,35),(10582,232,35),(10583,233,35),(10584,234,35),(10585,235,35),(10586,236,35),(10587,237,35),(10588,238,35),(10589,239,35),(10590,240,35),(10591,241,35),(10592,242,35),(10593,243,35),(10594,244,35),(10595,245,35),(10596,246,35),(10597,247,35),(10598,248,35),(10599,249,35),(10600,250,35),(10601,251,35),(10602,252,35),(10603,253,35),(10604,254,35),(10605,255,35),(10606,256,35),(10607,257,35),(10608,258,35),(10609,259,35),(10610,260,35),(10611,261,35),(10612,262,35),(10613,263,35),(10614,264,35),(10615,265,35),(10616,266,35),(10617,267,35),(10618,268,35),(10619,269,35),(10620,270,35),(10621,271,35),(10622,272,35),(10623,273,35),(10624,274,35),(10625,275,35),(10626,276,35),(10627,277,35),(10628,278,35),(10629,279,35),(10630,280,35),(10631,281,35),(10632,282,35),(10633,283,35),(10634,284,35),(10635,285,35),(10636,286,35),(10637,287,35),(10638,288,35),(10639,289,35),(10640,290,35),(10641,291,35),(10642,292,35),(10643,293,35),(10644,294,35),(10645,295,35),(10646,296,35),(10647,297,35),(10648,298,35),(10649,299,35),(10650,300,35),(10651,301,35),(10652,302,35),(10653,303,35),(10654,304,35),(10655,305,35),(10656,306,35),(10657,307,35),(10658,308,35),(10659,309,35),(10660,310,35),(10661,311,35),(10662,312,35),(10663,313,35),(10664,314,35),(10665,315,35),(10666,316,35),(10667,317,35),(10668,318,35),(10669,319,35),(10670,320,35),(10671,321,35),(10672,322,35),(10673,323,35),(10674,324,35),(10675,325,35),(10676,326,35),(10677,327,35),(10678,328,35),(10679,329,35),(10680,330,35),(10681,331,35),(10682,332,35),(10683,333,35),(10684,334,35),(10685,335,35),(10686,336,35),(10687,337,35),(10688,338,35),(10689,339,35),(10690,340,35),(10691,341,35),(10692,342,35),(10693,343,35),(10694,344,35),(10695,345,35),(10696,346,35),(10697,347,35),(10698,348,35),(10699,349,35),(10700,350,35),(10701,1,36),(10702,2,36),(10703,3,36),(10704,4,36),(10705,5,36),(10706,6,36),(10707,7,36),(10708,8,36),(10709,9,36),(10710,10,36),(10711,11,36),(10712,12,36),(10713,13,36),(10714,14,36),(10715,15,36),(10716,16,36),(10717,17,36),(10718,18,36),(10719,19,36),(10720,20,36),(10721,21,36),(10722,22,36),(10723,23,36),(10724,24,36),(10725,25,36),(10726,26,36),(10727,27,36),(10728,28,36),(10729,29,36),(10730,30,36),(10731,31,36),(10732,32,36),(10733,33,36),(10734,34,36),(10735,35,36),(10736,36,36),(10737,37,36),(10738,38,36),(10739,39,36),(10740,40,36),(10741,41,36),(10742,42,36),(10743,43,36),(10744,44,36),(10745,45,36),(10746,46,36),(10747,47,36),(10748,48,36),(10749,49,36),(10750,50,36),(10751,51,36),(10752,52,36),(10753,53,36),(10754,54,36),(10755,55,36),(10756,56,36),(10757,57,36),(10758,58,36),(10759,59,36),(10760,60,36),(10761,61,36),(10762,62,36),(10763,63,36),(10764,64,36),(10765,65,36),(10766,66,36),(10767,67,36),(10768,68,36),(10769,69,36),(10770,70,36),(10771,71,36),(10772,72,36),(10773,73,36),(10774,74,36),(10775,75,36),(10776,76,36),(10777,77,36),(10778,78,36),(10779,79,36),(10780,80,36),(10781,81,36),(10782,82,36),(10783,83,36),(10784,84,36),(10785,85,36),(10786,86,36),(10787,87,36),(10788,88,36),(10789,89,36),(10790,90,36),(10791,91,36),(10792,92,36),(10793,93,36),(10794,94,36),(10795,95,36),(10796,96,36),(10797,97,36),(10798,98,36),(10799,99,36),(10800,100,36),(10801,101,36),(10802,102,36),(10803,103,36),(10804,104,36),(10805,105,36),(10806,106,36),(10807,107,36),(10808,108,36),(10809,109,36),(10810,110,36),(10811,111,36),(10812,112,36),(10813,113,36),(10814,114,36),(10815,115,36),(10816,116,36),(10817,117,36),(10818,118,36),(10819,119,36),(10820,120,36),(10821,121,36),(10822,122,36),(10823,123,36),(10824,124,36),(10825,125,36),(10826,126,36),(10827,127,36),(10828,128,36),(10829,129,36),(10830,130,36),(10831,131,36),(10832,132,36),(10833,133,36),(10834,134,36),(10835,135,36),(10836,136,36),(10837,137,36),(10838,138,36),(10839,139,36),(10840,140,36),(10841,141,36),(10842,142,36),(10843,143,36),(10844,144,36),(10845,145,36),(10846,146,36),(10847,147,36),(10848,148,36),(10849,149,36),(10850,150,36),(10851,151,36),(10852,152,36),(10853,153,36),(10854,154,36),(10855,155,36),(10856,156,36),(10857,157,36),(10858,158,36),(10859,159,36),(10860,160,36),(10861,161,36),(10862,162,36),(10863,163,36),(10864,164,36),(10865,165,36),(10866,166,36),(10867,167,36),(10868,168,36),(10869,169,36),(10870,170,36),(10871,171,36),(10872,172,36),(10873,173,36),(10874,174,36),(10875,175,36),(10876,176,36),(10877,177,36),(10878,178,36),(10879,179,36),(10880,180,36),(10881,181,36),(10882,182,36),(10883,183,36),(10884,184,36),(10885,185,36),(10886,186,36),(10887,187,36),(10888,188,36),(10889,189,36),(10890,190,36),(10891,191,36),(10892,192,36),(10893,193,36),(10894,194,36),(10895,195,36),(10896,196,36),(10897,197,36),(10898,198,36),(10899,199,36),(10900,200,36),(10901,201,36),(10902,202,36),(10903,203,36),(10904,204,36),(10905,205,36),(10906,206,36),(10907,207,36),(10908,208,36),(10909,209,36),(10910,210,36),(10911,211,36),(10912,212,36),(10913,213,36),(10914,214,36),(10915,215,36),(10916,216,36),(10917,217,36),(10918,218,36),(10919,219,36),(10920,220,36),(10921,221,36),(10922,222,36),(10923,223,36),(10924,224,36),(10925,225,36),(10926,226,36),(10927,227,36),(10928,228,36),(10929,229,36),(10930,230,36),(10931,231,36),(10932,232,36),(10933,233,36),(10934,234,36),(10935,235,36),(10936,236,36),(10937,237,36),(10938,238,36),(10939,239,36),(10940,240,36),(10941,241,36),(10942,242,36),(10943,243,36),(10944,244,36),(10945,245,36),(10946,246,36),(10947,247,36),(10948,248,36),(10949,249,36),(10950,250,36),(10951,251,36),(10952,252,36),(10953,253,36),(10954,254,36),(10955,255,36),(10956,256,36),(10957,257,36),(10958,258,36),(10959,259,36),(10960,260,36),(10961,261,36),(10962,262,36),(10963,263,36),(10964,264,36),(10965,265,36),(10966,266,36),(10967,267,36),(10968,268,36),(10969,269,36),(10970,270,36),(10971,271,36),(10972,272,36),(10973,273,36),(10974,274,36),(10975,275,36),(10976,276,36),(10977,277,36),(10978,278,36),(10979,279,36),(10980,280,36),(10981,281,36),(10982,282,36),(10983,283,36),(10984,284,36),(10985,285,36),(10986,286,36),(10987,287,36),(10988,288,36),(10989,289,36),(10990,290,36),(10991,291,36),(10992,292,36),(10993,293,36),(10994,294,36),(10995,295,36),(10996,296,36),(10997,297,36),(10998,298,36),(10999,299,36),(11000,300,36),(11001,1,37),(11002,2,37),(11003,3,37),(11004,4,37),(11005,5,37),(11006,6,37),(11007,7,37),(11008,8,37),(11009,9,37),(11010,10,37),(11011,11,37),(11012,12,37),(11013,13,37),(11014,14,37),(11015,15,37),(11016,16,37),(11017,17,37),(11018,18,37),(11019,19,37),(11020,20,37),(11021,21,37),(11022,22,37),(11023,23,37),(11024,24,37),(11025,25,37),(11026,26,37),(11027,27,37),(11028,28,37),(11029,29,37),(11030,30,37),(11031,31,37),(11032,32,37),(11033,33,37),(11034,34,37),(11035,35,37),(11036,36,37),(11037,37,37),(11038,38,37),(11039,39,37),(11040,40,37),(11041,41,37),(11042,42,37),(11043,43,37),(11044,44,37),(11045,45,37),(11046,46,37),(11047,47,37),(11048,48,37),(11049,49,37),(11050,50,37),(11051,51,37),(11052,52,37),(11053,53,37),(11054,54,37),(11055,55,37),(11056,56,37),(11057,57,37),(11058,58,37),(11059,59,37),(11060,60,37),(11061,61,37),(11062,62,37),(11063,63,37),(11064,64,37),(11065,65,37),(11066,66,37),(11067,67,37),(11068,68,37),(11069,69,37),(11070,70,37),(11071,71,37),(11072,72,37),(11073,73,37),(11074,74,37),(11075,75,37),(11076,76,37),(11077,77,37),(11078,78,37),(11079,79,37),(11080,80,37),(11081,81,37),(11082,82,37),(11083,83,37),(11084,84,37),(11085,85,37),(11086,86,37),(11087,87,37),(11088,88,37),(11089,89,37),(11090,90,37),(11091,91,37),(11092,92,37),(11093,93,37),(11094,94,37),(11095,95,37),(11096,96,37),(11097,97,37),(11098,98,37),(11099,99,37),(11100,100,37),(11101,101,37),(11102,102,37),(11103,103,37),(11104,104,37),(11105,105,37),(11106,106,37),(11107,107,37),(11108,108,37),(11109,109,37),(11110,110,37),(11111,111,37),(11112,112,37),(11113,113,37),(11114,114,37),(11115,115,37),(11116,116,37),(11117,117,37),(11118,118,37),(11119,119,37),(11120,120,37),(11121,121,37),(11122,122,37),(11123,123,37),(11124,124,37),(11125,125,37),(11126,126,37),(11127,127,37),(11128,128,37),(11129,129,37),(11130,130,37),(11131,131,37),(11132,132,37),(11133,133,37),(11134,134,37),(11135,135,37),(11136,136,37),(11137,137,37),(11138,138,37),(11139,139,37),(11140,140,37),(11141,141,37),(11142,142,37),(11143,143,37),(11144,144,37),(11145,145,37),(11146,146,37),(11147,147,37),(11148,148,37),(11149,149,37),(11150,150,37),(11151,151,37),(11152,152,37),(11153,153,37),(11154,154,37),(11155,155,37),(11156,156,37),(11157,157,37),(11158,158,37),(11159,159,37),(11160,160,37),(11161,161,37),(11162,162,37),(11163,163,37),(11164,164,37),(11165,165,37),(11166,166,37),(11167,167,37),(11168,168,37),(11169,169,37),(11170,170,37),(11171,171,37),(11172,172,37),(11173,173,37),(11174,174,37),(11175,175,37),(11176,176,37),(11177,177,37),(11178,178,37),(11179,179,37),(11180,180,37),(11181,181,37),(11182,182,37),(11183,183,37),(11184,184,37),(11185,185,37),(11186,186,37),(11187,187,37),(11188,188,37),(11189,189,37),(11190,190,37),(11191,191,37),(11192,192,37),(11193,193,37),(11194,194,37),(11195,195,37),(11196,196,37),(11197,197,37),(11198,198,37),(11199,199,37),(11200,200,37),(11201,1,38),(11202,2,38),(11203,3,38),(11204,4,38),(11205,5,38),(11206,6,38),(11207,7,38),(11208,8,38),(11209,9,38),(11210,10,38),(11211,11,38),(11212,12,38),(11213,13,38),(11214,14,38),(11215,15,38),(11216,16,38),(11217,17,38),(11218,18,38),(11219,19,38),(11220,20,38),(11221,21,38),(11222,22,38),(11223,23,38),(11224,24,38),(11225,25,38),(11226,26,38),(11227,27,38),(11228,28,38),(11229,29,38),(11230,30,38),(11231,31,38),(11232,32,38),(11233,33,38),(11234,34,38),(11235,35,38),(11236,36,38),(11237,37,38),(11238,38,38),(11239,39,38),(11240,40,38),(11241,41,38),(11242,42,38),(11243,43,38),(11244,44,38),(11245,45,38),(11246,46,38),(11247,47,38),(11248,48,38),(11249,49,38),(11250,50,38),(11251,51,38),(11252,52,38),(11253,53,38),(11254,54,38),(11255,55,38),(11256,56,38),(11257,57,38),(11258,58,38),(11259,59,38),(11260,60,38),(11261,61,38),(11262,62,38),(11263,63,38),(11264,64,38),(11265,65,38),(11266,66,38),(11267,67,38),(11268,68,38),(11269,69,38),(11270,70,38),(11271,71,38),(11272,72,38),(11273,73,38),(11274,74,38),(11275,75,38),(11276,76,38),(11277,77,38),(11278,78,38),(11279,79,38),(11280,80,38),(11281,81,38),(11282,82,38),(11283,83,38),(11284,84,38),(11285,85,38),(11286,86,38),(11287,87,38),(11288,88,38),(11289,89,38),(11290,90,38),(11291,91,38),(11292,92,38),(11293,93,38),(11294,94,38),(11295,95,38),(11296,96,38),(11297,97,38),(11298,98,38),(11299,99,38),(11300,100,38),(11301,1,39),(11302,2,39),(11303,3,39),(11304,4,39),(11305,5,39),(11306,6,39),(11307,7,39),(11308,8,39),(11309,9,39),(11310,10,39),(11311,11,39),(11312,12,39),(11313,13,39),(11314,14,39),(11315,15,39),(11316,16,39),(11317,17,39),(11318,18,39),(11319,19,39),(11320,20,39),(11321,21,39),(11322,22,39),(11323,23,39),(11324,24,39),(11325,25,39),(11326,26,39),(11327,27,39),(11328,28,39),(11329,29,39),(11330,30,39),(11331,31,39),(11332,32,39),(11333,33,39),(11334,34,39),(11335,35,39),(11336,36,39),(11337,37,39),(11338,38,39),(11339,39,39),(11340,40,39),(11341,41,39),(11342,42,39),(11343,43,39),(11344,44,39),(11345,45,39),(11346,46,39),(11347,47,39),(11348,48,39),(11349,49,39),(11350,50,39),(11351,51,39),(11352,52,39),(11353,53,39),(11354,54,39),(11355,55,39),(11356,56,39),(11357,57,39),(11358,58,39),(11359,59,39),(11360,60,39),(11361,61,39),(11362,62,39),(11363,63,39),(11364,64,39),(11365,65,39),(11366,66,39),(11367,67,39),(11368,68,39),(11369,69,39),(11370,70,39),(11371,71,39),(11372,72,39),(11373,73,39),(11374,74,39),(11375,75,39),(11376,76,39),(11377,77,39),(11378,78,39),(11379,79,39),(11380,80,39),(11381,81,39),(11382,82,39),(11383,83,39),(11384,84,39),(11385,85,39),(11386,86,39),(11387,87,39),(11388,88,39),(11389,89,39),(11390,90,39),(11391,91,39),(11392,92,39),(11393,93,39),(11394,94,39),(11395,95,39),(11396,96,39),(11397,97,39),(11398,98,39),(11399,99,39),(11400,100,39),(11401,1,40),(11402,2,40),(11403,3,40),(11404,4,40),(11405,5,40),(11406,6,40),(11407,7,40),(11408,8,40),(11409,9,40),(11410,10,40),(11411,11,40),(11412,12,40),(11413,13,40),(11414,14,40),(11415,15,40),(11416,16,40),(11417,17,40),(11418,18,40),(11419,19,40),(11420,20,40),(11421,21,40),(11422,22,40),(11423,23,40),(11424,24,40),(11425,25,40),(11426,26,40),(11427,27,40),(11428,28,40),(11429,29,40),(11430,30,40),(11431,31,40),(11432,32,40),(11433,33,40),(11434,34,40),(11435,35,40),(11436,36,40),(11437,37,40),(11438,38,40),(11439,39,40),(11440,40,40),(11441,41,40),(11442,42,40),(11443,43,40),(11444,44,40),(11445,45,40),(11446,46,40),(11447,47,40),(11448,48,40),(11449,49,40),(11450,50,40),(11451,51,40),(11452,52,40),(11453,53,40),(11454,54,40),(11455,55,40),(11456,56,40),(11457,57,40),(11458,58,40),(11459,59,40),(11460,60,40),(11461,61,40),(11462,62,40),(11463,63,40),(11464,64,40),(11465,65,40),(11466,66,40),(11467,67,40),(11468,68,40),(11469,69,40),(11470,70,40),(11471,71,40),(11472,72,40),(11473,73,40),(11474,74,40),(11475,75,40),(11476,76,40),(11477,77,40),(11478,78,40),(11479,79,40),(11480,80,40),(11481,81,40),(11482,82,40),(11483,83,40),(11484,84,40),(11485,85,40),(11486,86,40),(11487,87,40),(11488,88,40),(11489,89,40),(11490,90,40),(11491,91,40),(11492,92,40),(11493,93,40),(11494,94,40),(11495,95,40),(11496,96,40),(11497,97,40),(11498,98,40),(11499,99,40),(11500,100,40),(11501,101,40),(11502,102,40),(11503,103,40),(11504,104,40),(11505,105,40),(11506,106,40),(11507,107,40),(11508,108,40),(11509,109,40),(11510,110,40),(11511,111,40),(11512,112,40),(11513,113,40),(11514,114,40),(11515,115,40),(11516,116,40),(11517,117,40),(11518,118,40),(11519,119,40),(11520,120,40),(11521,121,40),(11522,122,40),(11523,123,40),(11524,124,40),(11525,125,40),(11526,126,40),(11527,127,40),(11528,128,40),(11529,129,40),(11530,130,40),(11531,131,40),(11532,132,40),(11533,133,40),(11534,134,40),(11535,135,40),(11536,136,40),(11537,137,40),(11538,138,40),(11539,139,40),(11540,140,40),(11541,141,40),(11542,142,40),(11543,143,40),(11544,144,40),(11545,145,40),(11546,146,40),(11547,147,40),(11548,148,40),(11549,149,40),(11550,150,40),(11551,151,40),(11552,152,40),(11553,153,40),(11554,154,40),(11555,155,40),(11556,156,40),(11557,157,40),(11558,158,40),(11559,159,40),(11560,160,40),(11561,161,40),(11562,162,40),(11563,163,40),(11564,164,40),(11565,165,40),(11566,166,40),(11567,167,40),(11568,168,40),(11569,169,40),(11570,170,40),(11571,171,40),(11572,172,40),(11573,173,40),(11574,174,40),(11575,175,40),(11576,176,40),(11577,177,40),(11578,178,40),(11579,179,40),(11580,180,40),(11581,181,40),(11582,182,40),(11583,183,40),(11584,184,40),(11585,185,40),(11586,186,40),(11587,187,40),(11588,188,40),(11589,189,40),(11590,190,40),(11591,191,40),(11592,192,40),(11593,193,40),(11594,194,40),(11595,195,40),(11596,196,40),(11597,197,40),(11598,198,40),(11599,199,40),(11600,200,40),(11601,201,40),(11602,202,40),(11603,203,40),(11604,204,40),(11605,205,40),(11606,206,40),(11607,207,40),(11608,208,40),(11609,209,40),(11610,210,40),(11611,211,40),(11612,212,40),(11613,213,40),(11614,214,40),(11615,215,40),(11616,216,40),(11617,217,40),(11618,218,40),(11619,219,40),(11620,220,40),(11621,221,40),(11622,222,40),(11623,223,40),(11624,224,40),(11625,225,40),(11626,226,40),(11627,227,40),(11628,228,40),(11629,229,40),(11630,230,40),(11631,231,40),(11632,232,40),(11633,233,40),(11634,234,40),(11635,235,40),(11636,236,40),(11637,237,40),(11638,238,40),(11639,239,40),(11640,240,40),(11641,241,40),(11642,242,40),(11643,243,40),(11644,244,40),(11645,245,40),(11646,246,40),(11647,247,40),(11648,248,40),(11649,249,40),(11650,250,40),(11651,251,40),(11652,252,40),(11653,253,40),(11654,254,40),(11655,255,40),(11656,256,40),(11657,257,40),(11658,258,40),(11659,259,40),(11660,260,40),(11661,261,40),(11662,262,40),(11663,263,40),(11664,264,40),(11665,265,40),(11666,266,40),(11667,267,40),(11668,268,40),(11669,269,40),(11670,270,40),(11671,271,40),(11672,272,40),(11673,273,40),(11674,274,40),(11675,275,40),(11676,276,40),(11677,277,40),(11678,278,40),(11679,279,40),(11680,280,40),(11681,281,40),(11682,282,40),(11683,283,40),(11684,284,40),(11685,285,40),(11686,286,40),(11687,287,40),(11688,288,40),(11689,289,40),(11690,290,40),(11691,291,40),(11692,292,40),(11693,293,40),(11694,294,40),(11695,295,40),(11696,296,40),(11697,297,40),(11698,298,40),(11699,299,40),(11700,300,40),(11701,301,40),(11702,302,40),(11703,303,40),(11704,304,40),(11705,305,40),(11706,306,40),(11707,307,40),(11708,308,40),(11709,309,40),(11710,310,40),(11711,311,40),(11712,312,40),(11713,313,40),(11714,314,40),(11715,315,40),(11716,316,40),(11717,317,40),(11718,318,40),(11719,319,40),(11720,320,40),(11721,321,40),(11722,322,40),(11723,323,40),(11724,324,40),(11725,325,40),(11726,326,40),(11727,327,40),(11728,328,40),(11729,329,40),(11730,330,40),(11731,331,40),(11732,332,40),(11733,333,40),(11734,334,40),(11735,335,40),(11736,336,40),(11737,337,40),(11738,338,40),(11739,339,40),(11740,340,40),(11741,341,40),(11742,342,40),(11743,343,40),(11744,344,40),(11745,345,40),(11746,346,40),(11747,347,40),(11748,348,40),(11749,349,40),(11750,350,40),(11751,351,40),(11752,352,40),(11753,353,40),(11754,354,40),(11755,355,40),(11756,356,40),(11757,357,40),(11758,358,40),(11759,359,40),(11760,360,40),(11761,361,40),(11762,362,40),(11763,363,40),(11764,364,40),(11765,365,40),(11766,366,40),(11767,367,40),(11768,368,40),(11769,369,40),(11770,370,40),(11771,371,40),(11772,372,40),(11773,373,40),(11774,374,40),(11775,375,40),(11776,376,40),(11777,377,40),(11778,378,40),(11779,379,40),(11780,380,40),(11781,381,40),(11782,382,40),(11783,383,40),(11784,384,40),(11785,385,40),(11786,386,40),(11787,387,40),(11788,388,40),(11789,389,40),(11790,390,40),(11791,391,40),(11792,392,40),(11793,393,40),(11794,394,40),(11795,395,40),(11796,396,40),(11797,397,40),(11798,398,40),(11799,399,40),(11800,400,40),(11801,401,40),(11802,402,40),(11803,403,40),(11804,404,40),(11805,405,40),(11806,406,40),(11807,407,40),(11808,408,40),(11809,409,40),(11810,410,40),(11811,411,40),(11812,412,40),(11813,413,40),(11814,414,40),(11815,415,40),(11816,416,40),(11817,417,40),(11818,418,40),(11819,419,40),(11820,420,40),(11821,421,40),(11822,422,40),(11823,423,40),(11824,424,40),(11825,425,40),(11826,426,40),(11827,427,40),(11828,428,40),(11829,429,40),(11830,430,40),(11831,431,40),(11832,432,40),(11833,433,40),(11834,434,40),(11835,435,40),(11836,436,40),(11837,437,40),(11838,438,40),(11839,439,40),(11840,440,40),(11841,441,40),(11842,442,40),(11843,443,40),(11844,444,40),(11845,445,40),(11846,446,40),(11847,447,40),(11848,448,40),(11849,449,40),(11850,450,40),(11851,1,41),(11852,2,41),(11853,3,41),(11854,4,41),(11855,5,41),(11856,6,41),(11857,7,41),(11858,8,41),(11859,9,41),(11860,10,41),(11861,11,41),(11862,12,41),(11863,13,41),(11864,14,41),(11865,15,41),(11866,16,41),(11867,17,41),(11868,18,41),(11869,19,41),(11870,20,41),(11871,21,41),(11872,22,41),(11873,23,41),(11874,24,41),(11875,25,41),(11876,26,41),(11877,27,41),(11878,28,41),(11879,29,41),(11880,30,41),(11881,31,41),(11882,32,41),(11883,33,41),(11884,34,41),(11885,35,41),(11886,36,41),(11887,37,41),(11888,38,41),(11889,39,41),(11890,40,41),(11891,41,41),(11892,42,41),(11893,43,41),(11894,44,41),(11895,45,41),(11896,46,41),(11897,47,41),(11898,48,41),(11899,49,41),(11900,50,41),(11901,51,41),(11902,52,41),(11903,53,41),(11904,54,41),(11905,55,41),(11906,56,41),(11907,57,41),(11908,58,41),(11909,59,41),(11910,60,41),(11911,61,41),(11912,62,41),(11913,63,41),(11914,64,41),(11915,65,41),(11916,66,41),(11917,67,41),(11918,68,41),(11919,69,41),(11920,70,41),(11921,71,41),(11922,72,41),(11923,73,41),(11924,74,41),(11925,75,41),(11926,76,41),(11927,77,41),(11928,78,41),(11929,79,41),(11930,80,41),(11931,81,41),(11932,82,41),(11933,83,41),(11934,84,41),(11935,85,41),(11936,86,41),(11937,87,41),(11938,88,41),(11939,89,41),(11940,90,41),(11941,91,41),(11942,92,41),(11943,93,41),(11944,94,41),(11945,95,41),(11946,96,41),(11947,97,41),(11948,98,41),(11949,99,41),(11950,100,41),(11951,101,41),(11952,102,41),(11953,103,41),(11954,104,41),(11955,105,41),(11956,106,41),(11957,107,41),(11958,108,41),(11959,109,41),(11960,110,41),(11961,111,41),(11962,112,41),(11963,113,41),(11964,114,41),(11965,115,41),(11966,116,41),(11967,117,41),(11968,118,41),(11969,119,41),(11970,120,41),(11971,121,41),(11972,122,41),(11973,123,41),(11974,124,41),(11975,125,41),(11976,126,41),(11977,127,41),(11978,128,41),(11979,129,41),(11980,130,41),(11981,131,41),(11982,132,41),(11983,133,41),(11984,134,41),(11985,135,41),(11986,136,41),(11987,137,41),(11988,138,41),(11989,139,41),(11990,140,41),(11991,141,41),(11992,142,41),(11993,143,41),(11994,144,41),(11995,145,41),(11996,146,41),(11997,147,41),(11998,148,41),(11999,149,41),(12000,150,41),(12001,151,41),(12002,152,41),(12003,153,41),(12004,154,41),(12005,155,41),(12006,156,41),(12007,157,41),(12008,158,41),(12009,159,41),(12010,160,41),(12011,161,41),(12012,162,41),(12013,163,41),(12014,164,41),(12015,165,41),(12016,166,41),(12017,167,41),(12018,168,41),(12019,169,41),(12020,170,41),(12021,171,41),(12022,172,41),(12023,173,41),(12024,174,41),(12025,175,41),(12026,176,41),(12027,177,41),(12028,178,41),(12029,179,41),(12030,180,41),(12031,181,41),(12032,182,41),(12033,183,41),(12034,184,41),(12035,185,41),(12036,186,41),(12037,187,41),(12038,188,41),(12039,189,41),(12040,190,41),(12041,191,41),(12042,192,41),(12043,193,41),(12044,194,41),(12045,195,41),(12046,196,41),(12047,197,41),(12048,198,41),(12049,199,41),(12050,200,41),(12051,201,41),(12052,202,41),(12053,203,41),(12054,204,41),(12055,205,41),(12056,206,41),(12057,207,41),(12058,208,41),(12059,209,41),(12060,210,41),(12061,211,41),(12062,212,41),(12063,213,41),(12064,214,41),(12065,215,41),(12066,216,41),(12067,217,41),(12068,218,41),(12069,219,41),(12070,220,41),(12071,221,41),(12072,222,41),(12073,223,41),(12074,224,41),(12075,225,41),(12076,226,41),(12077,227,41),(12078,228,41),(12079,229,41),(12080,230,41),(12081,231,41),(12082,232,41),(12083,233,41),(12084,234,41),(12085,235,41),(12086,236,41),(12087,237,41),(12088,238,41),(12089,239,41),(12090,240,41),(12091,241,41),(12092,242,41),(12093,243,41),(12094,244,41),(12095,245,41),(12096,246,41),(12097,247,41),(12098,248,41),(12099,249,41),(12100,250,41),(12101,251,41),(12102,252,41),(12103,253,41),(12104,254,41),(12105,255,41),(12106,256,41),(12107,257,41),(12108,258,41),(12109,259,41),(12110,260,41),(12111,261,41),(12112,262,41),(12113,263,41),(12114,264,41),(12115,265,41),(12116,266,41),(12117,267,41),(12118,268,41),(12119,269,41),(12120,270,41),(12121,271,41),(12122,272,41),(12123,273,41),(12124,274,41),(12125,275,41),(12126,276,41),(12127,277,41),(12128,278,41),(12129,279,41),(12130,280,41),(12131,281,41),(12132,282,41),(12133,283,41),(12134,284,41),(12135,285,41),(12136,286,41),(12137,287,41),(12138,288,41),(12139,289,41),(12140,290,41),(12141,291,41),(12142,292,41),(12143,293,41),(12144,294,41),(12145,295,41),(12146,296,41),(12147,297,41),(12148,298,41),(12149,299,41),(12150,300,41),(12151,1,42),(12152,2,42),(12153,3,42),(12154,4,42),(12155,5,42),(12156,6,42),(12157,7,42),(12158,8,42),(12159,9,42),(12160,10,42),(12161,11,42),(12162,12,42),(12163,13,42),(12164,14,42),(12165,15,42),(12166,16,42),(12167,17,42),(12168,18,42),(12169,19,42),(12170,20,42),(12171,21,42),(12172,22,42),(12173,23,42),(12174,24,42),(12175,25,42),(12176,26,42),(12177,27,42),(12178,28,42),(12179,29,42),(12180,30,42),(12181,31,42),(12182,32,42),(12183,33,42),(12184,34,42),(12185,35,42),(12186,36,42),(12187,37,42),(12188,38,42),(12189,39,42),(12190,40,42),(12191,41,42),(12192,42,42),(12193,43,42),(12194,44,42),(12195,45,42),(12196,46,42),(12197,47,42),(12198,48,42),(12199,49,42),(12200,50,42),(12201,51,42),(12202,52,42),(12203,53,42),(12204,54,42),(12205,55,42),(12206,56,42),(12207,57,42),(12208,58,42),(12209,59,42),(12210,60,42),(12211,61,42),(12212,62,42),(12213,63,42),(12214,64,42),(12215,65,42),(12216,66,42),(12217,67,42),(12218,68,42),(12219,69,42),(12220,70,42),(12221,71,42),(12222,72,42),(12223,73,42),(12224,74,42),(12225,75,42),(12226,76,42),(12227,77,42),(12228,78,42),(12229,79,42),(12230,80,42),(12231,81,42),(12232,82,42),(12233,83,42),(12234,84,42),(12235,85,42),(12236,86,42),(12237,87,42),(12238,88,42),(12239,89,42),(12240,90,42),(12241,91,42),(12242,92,42),(12243,93,42),(12244,94,42),(12245,95,42),(12246,96,42),(12247,97,42),(12248,98,42),(12249,99,42),(12250,100,42),(12251,101,42),(12252,102,42),(12253,103,42),(12254,104,42),(12255,105,42),(12256,106,42),(12257,107,42),(12258,108,42),(12259,109,42),(12260,110,42),(12261,111,42),(12262,112,42),(12263,113,42),(12264,114,42),(12265,115,42),(12266,116,42),(12267,117,42),(12268,118,42),(12269,119,42),(12270,120,42),(12271,121,42),(12272,122,42),(12273,123,42),(12274,124,42),(12275,125,42),(12276,126,42),(12277,127,42),(12278,128,42),(12279,129,42),(12280,130,42),(12281,131,42),(12282,132,42),(12283,133,42),(12284,134,42),(12285,135,42),(12286,136,42),(12287,137,42),(12288,138,42),(12289,139,42),(12290,140,42),(12291,141,42),(12292,142,42),(12293,143,42),(12294,144,42),(12295,145,42),(12296,146,42),(12297,147,42),(12298,148,42),(12299,149,42),(12300,150,42),(12301,151,42),(12302,152,42),(12303,153,42),(12304,154,42),(12305,155,42),(12306,156,42),(12307,157,42),(12308,158,42),(12309,159,42),(12310,160,42),(12311,161,42),(12312,162,42),(12313,163,42),(12314,164,42),(12315,165,42),(12316,166,42),(12317,167,42),(12318,168,42),(12319,169,42),(12320,170,42),(12321,171,42),(12322,172,42),(12323,173,42),(12324,174,42),(12325,175,42),(12326,176,42),(12327,177,42),(12328,178,42),(12329,179,42),(12330,180,42),(12331,181,42),(12332,182,42),(12333,183,42),(12334,184,42),(12335,185,42),(12336,186,42),(12337,187,42),(12338,188,42),(12339,189,42),(12340,190,42),(12341,191,42),(12342,192,42),(12343,193,42),(12344,194,42),(12345,195,42),(12346,196,42),(12347,197,42),(12348,198,42),(12349,199,42),(12350,200,42),(12351,1,43),(12352,2,43),(12353,3,43),(12354,4,43),(12355,5,43),(12356,6,43),(12357,7,43),(12358,8,43),(12359,9,43),(12360,10,43),(12361,11,43),(12362,12,43),(12363,13,43),(12364,14,43),(12365,15,43),(12366,16,43),(12367,17,43),(12368,18,43),(12369,19,43),(12370,20,43),(12371,21,43),(12372,22,43),(12373,23,43),(12374,24,43),(12375,25,43),(12376,26,43),(12377,27,43),(12378,28,43),(12379,29,43),(12380,30,43),(12381,31,43),(12382,32,43),(12383,33,43),(12384,34,43),(12385,35,43),(12386,36,43),(12387,37,43),(12388,38,43),(12389,39,43),(12390,40,43),(12391,41,43),(12392,42,43),(12393,43,43),(12394,44,43),(12395,45,43),(12396,46,43),(12397,47,43),(12398,48,43),(12399,49,43),(12400,50,43),(12401,51,43),(12402,52,43),(12403,53,43),(12404,54,43),(12405,55,43),(12406,56,43),(12407,57,43),(12408,58,43),(12409,59,43),(12410,60,43),(12411,61,43),(12412,62,43),(12413,63,43),(12414,64,43),(12415,65,43),(12416,66,43),(12417,67,43),(12418,68,43),(12419,69,43),(12420,70,43),(12421,71,43),(12422,72,43),(12423,73,43),(12424,74,43),(12425,75,43),(12426,76,43),(12427,77,43),(12428,78,43),(12429,79,43),(12430,80,43),(12431,81,43),(12432,82,43),(12433,83,43),(12434,84,43),(12435,85,43),(12436,86,43),(12437,87,43),(12438,88,43),(12439,89,43),(12440,90,43),(12441,91,43),(12442,92,43),(12443,93,43),(12444,94,43),(12445,95,43),(12446,96,43),(12447,97,43),(12448,98,43),(12449,99,43),(12450,100,43),(12451,101,43),(12452,102,43),(12453,103,43),(12454,104,43),(12455,105,43),(12456,106,43),(12457,107,43),(12458,108,43),(12459,109,43),(12460,110,43),(12461,111,43),(12462,112,43),(12463,113,43),(12464,114,43),(12465,115,43),(12466,116,43),(12467,117,43),(12468,118,43),(12469,119,43),(12470,120,43),(12471,121,43),(12472,122,43),(12473,123,43),(12474,124,43),(12475,125,43),(12476,126,43),(12477,127,43),(12478,128,43),(12479,129,43),(12480,130,43),(12481,131,43),(12482,132,43),(12483,133,43),(12484,134,43),(12485,135,43),(12486,136,43),(12487,137,43),(12488,138,43),(12489,139,43),(12490,140,43),(12491,141,43),(12492,142,43),(12493,143,43),(12494,144,43),(12495,145,43),(12496,146,43),(12497,147,43),(12498,148,43),(12499,149,43),(12500,150,43),(12501,151,43),(12502,152,43),(12503,153,43),(12504,154,43),(12505,155,43),(12506,156,43),(12507,157,43),(12508,158,43),(12509,159,43),(12510,160,43),(12511,161,43),(12512,162,43),(12513,163,43),(12514,164,43),(12515,165,43),(12516,166,43),(12517,167,43),(12518,168,43),(12519,169,43),(12520,170,43),(12521,171,43),(12522,172,43),(12523,173,43),(12524,174,43),(12525,175,43),(12526,176,43),(12527,177,43),(12528,178,43),(12529,179,43),(12530,180,43),(12531,181,43),(12532,182,43),(12533,183,43),(12534,184,43),(12535,185,43),(12536,186,43),(12537,187,43),(12538,188,43),(12539,189,43),(12540,190,43),(12541,191,43),(12542,192,43),(12543,193,43),(12544,194,43),(12545,195,43),(12546,196,43),(12547,197,43),(12548,198,43),(12549,199,43),(12550,200,43),(12551,1,44),(12552,2,44),(12553,3,44),(12554,4,44),(12555,5,44),(12556,6,44),(12557,7,44),(12558,8,44),(12559,9,44),(12560,10,44),(12561,11,44),(12562,12,44),(12563,13,44),(12564,14,44),(12565,15,44),(12566,16,44),(12567,17,44),(12568,18,44),(12569,19,44),(12570,20,44),(12571,21,44),(12572,22,44),(12573,23,44),(12574,24,44),(12575,25,44),(12576,26,44),(12577,27,44),(12578,28,44),(12579,29,44),(12580,30,44),(12581,31,44),(12582,32,44),(12583,33,44),(12584,34,44),(12585,35,44),(12586,36,44),(12587,37,44),(12588,38,44),(12589,39,44),(12590,40,44),(12591,41,44),(12592,42,44),(12593,43,44),(12594,44,44),(12595,45,44),(12596,46,44),(12597,47,44),(12598,48,44),(12599,49,44),(12600,50,44),(12601,51,44),(12602,52,44),(12603,53,44),(12604,54,44),(12605,55,44),(12606,56,44),(12607,57,44),(12608,58,44),(12609,59,44),(12610,60,44),(12611,61,44),(12612,62,44),(12613,63,44),(12614,64,44),(12615,65,44),(12616,66,44),(12617,67,44),(12618,68,44),(12619,69,44),(12620,70,44),(12621,71,44),(12622,72,44),(12623,73,44),(12624,74,44),(12625,75,44),(12626,76,44),(12627,77,44),(12628,78,44),(12629,79,44),(12630,80,44),(12631,81,44),(12632,82,44),(12633,83,44),(12634,84,44),(12635,85,44),(12636,86,44),(12637,87,44),(12638,88,44),(12639,89,44),(12640,90,44),(12641,91,44),(12642,92,44),(12643,93,44),(12644,94,44),(12645,95,44),(12646,96,44),(12647,97,44),(12648,98,44),(12649,99,44),(12650,100,44),(12651,101,44),(12652,102,44),(12653,103,44),(12654,104,44),(12655,105,44),(12656,106,44),(12657,107,44),(12658,108,44),(12659,109,44),(12660,110,44),(12661,111,44),(12662,112,44),(12663,113,44),(12664,114,44),(12665,115,44),(12666,116,44),(12667,117,44),(12668,118,44),(12669,119,44),(12670,120,44),(12671,121,44),(12672,122,44),(12673,123,44),(12674,124,44),(12675,125,44),(12676,126,44),(12677,127,44),(12678,128,44),(12679,129,44),(12680,130,44),(12681,131,44),(12682,132,44),(12683,133,44),(12684,134,44),(12685,135,44),(12686,136,44),(12687,137,44),(12688,138,44),(12689,139,44),(12690,140,44),(12691,141,44),(12692,142,44),(12693,143,44),(12694,144,44),(12695,145,44),(12696,146,44),(12697,147,44),(12698,148,44),(12699,149,44),(12700,150,44),(12701,151,44),(12702,152,44),(12703,153,44),(12704,154,44),(12705,155,44),(12706,156,44),(12707,157,44),(12708,158,44),(12709,159,44),(12710,160,44),(12711,161,44),(12712,162,44),(12713,163,44),(12714,164,44),(12715,165,44),(12716,166,44),(12717,167,44),(12718,168,44),(12719,169,44),(12720,170,44),(12721,171,44),(12722,172,44),(12723,173,44),(12724,174,44),(12725,175,44),(12726,176,44),(12727,177,44),(12728,178,44),(12729,179,44),(12730,180,44),(12731,181,44),(12732,182,44),(12733,183,44),(12734,184,44),(12735,185,44),(12736,186,44),(12737,187,44),(12738,188,44),(12739,189,44),(12740,190,44),(12741,191,44),(12742,192,44),(12743,193,44),(12744,194,44),(12745,195,44),(12746,196,44),(12747,197,44),(12748,198,44),(12749,199,44),(12750,200,44),(12751,201,44),(12752,202,44),(12753,203,44),(12754,204,44),(12755,205,44),(12756,206,44),(12757,207,44),(12758,208,44),(12759,209,44),(12760,210,44),(12761,211,44),(12762,212,44),(12763,213,44),(12764,214,44),(12765,215,44),(12766,216,44),(12767,217,44),(12768,218,44),(12769,219,44),(12770,220,44),(12771,221,44),(12772,222,44),(12773,223,44),(12774,224,44),(12775,225,44),(12776,226,44),(12777,227,44),(12778,228,44),(12779,229,44),(12780,230,44),(12781,231,44),(12782,232,44),(12783,233,44),(12784,234,44),(12785,235,44),(12786,236,44),(12787,237,44),(12788,238,44),(12789,239,44),(12790,240,44),(12791,241,44),(12792,242,44),(12793,243,44),(12794,244,44),(12795,245,44),(12796,246,44),(12797,247,44),(12798,248,44),(12799,249,44),(12800,250,44),(12801,251,44),(12802,252,44),(12803,253,44),(12804,254,44),(12805,255,44),(12806,256,44),(12807,257,44),(12808,258,44),(12809,259,44),(12810,260,44),(12811,261,44),(12812,262,44),(12813,263,44),(12814,264,44),(12815,265,44),(12816,266,44),(12817,267,44),(12818,268,44),(12819,269,44),(12820,270,44),(12821,271,44),(12822,272,44),(12823,273,44),(12824,274,44),(12825,275,44),(12826,276,44),(12827,277,44),(12828,278,44),(12829,279,44),(12830,280,44),(12831,281,44),(12832,282,44),(12833,283,44),(12834,284,44),(12835,285,44),(12836,286,44),(12837,287,44),(12838,288,44),(12839,289,44),(12840,290,44),(12841,291,44),(12842,292,44),(12843,293,44),(12844,294,44),(12845,295,44),(12846,296,44),(12847,297,44),(12848,298,44),(12849,299,44),(12850,300,44),(12851,1,45),(12852,2,45),(12853,3,45),(12854,4,45),(12855,5,45),(12856,6,45),(12857,7,45),(12858,8,45),(12859,9,45),(12860,10,45),(12861,11,45),(12862,12,45),(12863,13,45),(12864,14,45),(12865,15,45),(12866,16,45),(12867,17,45),(12868,18,45),(12869,19,45),(12870,20,45),(12871,21,45),(12872,22,45),(12873,23,45),(12874,24,45),(12875,25,45),(12876,26,45),(12877,27,45),(12878,28,45),(12879,29,45),(12880,30,45),(12881,31,45),(12882,32,45),(12883,33,45),(12884,34,45),(12885,35,45),(12886,36,45),(12887,37,45),(12888,38,45),(12889,39,45),(12890,40,45),(12891,41,45),(12892,42,45),(12893,43,45),(12894,44,45),(12895,45,45),(12896,46,45),(12897,47,45),(12898,48,45),(12899,49,45),(12900,50,45),(12901,51,45),(12902,52,45),(12903,53,45),(12904,54,45),(12905,55,45),(12906,56,45),(12907,57,45),(12908,58,45),(12909,59,45),(12910,60,45),(12911,61,45),(12912,62,45),(12913,63,45),(12914,64,45),(12915,65,45),(12916,66,45),(12917,67,45),(12918,68,45),(12919,69,45),(12920,70,45),(12921,71,45),(12922,72,45),(12923,73,45),(12924,74,45),(12925,75,45),(12926,76,45),(12927,77,45),(12928,78,45),(12929,79,45),(12930,80,45),(12931,81,45),(12932,82,45),(12933,83,45),(12934,84,45),(12935,85,45),(12936,86,45),(12937,87,45),(12938,88,45),(12939,89,45),(12940,90,45),(12941,91,45),(12942,92,45),(12943,93,45),(12944,94,45),(12945,95,45),(12946,96,45),(12947,97,45),(12948,98,45),(12949,99,45),(12950,100,45),(12951,101,45),(12952,102,45),(12953,103,45),(12954,104,45),(12955,105,45),(12956,106,45),(12957,107,45),(12958,108,45),(12959,109,45),(12960,110,45),(12961,111,45),(12962,112,45),(12963,113,45),(12964,114,45),(12965,115,45),(12966,116,45),(12967,117,45),(12968,118,45),(12969,119,45),(12970,120,45),(12971,121,45),(12972,122,45),(12973,123,45),(12974,124,45),(12975,125,45),(12976,126,45),(12977,127,45),(12978,128,45),(12979,129,45),(12980,130,45),(12981,131,45),(12982,132,45),(12983,133,45),(12984,134,45),(12985,135,45),(12986,136,45),(12987,137,45),(12988,138,45),(12989,139,45),(12990,140,45),(12991,141,45),(12992,142,45),(12993,143,45),(12994,144,45),(12995,145,45),(12996,146,45),(12997,147,45),(12998,148,45),(12999,149,45),(13000,150,45),(13001,1,46),(13002,2,46),(13003,3,46),(13004,4,46),(13005,5,46),(13006,6,46),(13007,7,46),(13008,8,46),(13009,9,46),(13010,10,46),(13011,11,46),(13012,12,46),(13013,13,46),(13014,14,46),(13015,15,46),(13016,16,46),(13017,17,46),(13018,18,46),(13019,19,46),(13020,20,46),(13021,21,46),(13022,22,46),(13023,23,46),(13024,24,46),(13025,25,46),(13026,26,46),(13027,27,46),(13028,28,46),(13029,29,46),(13030,30,46),(13031,31,46),(13032,32,46),(13033,33,46),(13034,34,46),(13035,35,46),(13036,36,46),(13037,37,46),(13038,38,46),(13039,39,46),(13040,40,46),(13041,41,46),(13042,42,46),(13043,43,46),(13044,44,46),(13045,45,46),(13046,46,46),(13047,47,46),(13048,48,46),(13049,49,46),(13050,50,46),(13051,51,46),(13052,52,46),(13053,53,46),(13054,54,46),(13055,55,46),(13056,56,46),(13057,57,46),(13058,58,46),(13059,59,46),(13060,60,46),(13061,61,46),(13062,62,46),(13063,63,46),(13064,64,46),(13065,65,46),(13066,66,46),(13067,67,46),(13068,68,46),(13069,69,46),(13070,70,46),(13071,71,46),(13072,72,46),(13073,73,46),(13074,74,46),(13075,75,46),(13076,76,46),(13077,77,46),(13078,78,46),(13079,79,46),(13080,80,46),(13081,81,46),(13082,82,46),(13083,83,46),(13084,84,46),(13085,85,46),(13086,86,46),(13087,87,46),(13088,88,46),(13089,89,46),(13090,90,46),(13091,91,46),(13092,92,46),(13093,93,46),(13094,94,46),(13095,95,46),(13096,96,46),(13097,97,46),(13098,98,46),(13099,99,46),(13100,100,46),(13101,101,46),(13102,102,46),(13103,103,46),(13104,104,46),(13105,105,46),(13106,106,46),(13107,107,46),(13108,108,46),(13109,109,46),(13110,110,46),(13111,111,46),(13112,112,46),(13113,113,46),(13114,114,46),(13115,115,46),(13116,116,46),(13117,117,46),(13118,118,46),(13119,119,46),(13120,120,46),(13121,121,46),(13122,122,46),(13123,123,46),(13124,124,46),(13125,125,46),(13126,126,46),(13127,127,46),(13128,128,46),(13129,129,46),(13130,130,46),(13131,131,46),(13132,132,46),(13133,133,46),(13134,134,46),(13135,135,46),(13136,136,46),(13137,137,46),(13138,138,46),(13139,139,46),(13140,140,46),(13141,141,46),(13142,142,46),(13143,143,46),(13144,144,46),(13145,145,46),(13146,146,46),(13147,147,46),(13148,148,46),(13149,149,46),(13150,150,46),(13151,151,46),(13152,152,46),(13153,153,46),(13154,154,46),(13155,155,46),(13156,156,46),(13157,157,46),(13158,158,46),(13159,159,46),(13160,160,46),(13161,161,46),(13162,162,46),(13163,163,46),(13164,164,46),(13165,165,46),(13166,166,46),(13167,167,46),(13168,168,46),(13169,169,46),(13170,170,46),(13171,171,46),(13172,172,46),(13173,173,46),(13174,174,46),(13175,175,46),(13176,176,46),(13177,177,46),(13178,178,46),(13179,179,46),(13180,180,46),(13181,181,46),(13182,182,46),(13183,183,46),(13184,184,46),(13185,185,46),(13186,186,46),(13187,187,46),(13188,188,46),(13189,189,46),(13190,190,46),(13191,191,46),(13192,192,46),(13193,193,46),(13194,194,46),(13195,195,46),(13196,196,46),(13197,197,46),(13198,198,46),(13199,199,46),(13200,200,46),(13201,201,46),(13202,202,46),(13203,203,46),(13204,204,46),(13205,205,46),(13206,206,46),(13207,207,46),(13208,208,46),(13209,209,46),(13210,210,46),(13211,211,46),(13212,212,46),(13213,213,46),(13214,214,46),(13215,215,46),(13216,216,46),(13217,217,46),(13218,218,46),(13219,219,46),(13220,220,46),(13221,221,46),(13222,222,46),(13223,223,46),(13224,224,46),(13225,225,46),(13226,226,46),(13227,227,46),(13228,228,46),(13229,229,46),(13230,230,46),(13231,231,46),(13232,232,46),(13233,233,46),(13234,234,46),(13235,235,46),(13236,236,46),(13237,237,46),(13238,238,46),(13239,239,46),(13240,240,46),(13241,241,46),(13242,242,46),(13243,243,46),(13244,244,46),(13245,245,46),(13246,246,46),(13247,247,46),(13248,248,46),(13249,249,46),(13250,250,46),(13251,251,46),(13252,252,46),(13253,253,46),(13254,254,46),(13255,255,46),(13256,256,46),(13257,257,46),(13258,258,46),(13259,259,46),(13260,260,46),(13261,261,46),(13262,262,46),(13263,263,46),(13264,264,46),(13265,265,46),(13266,266,46),(13267,267,46),(13268,268,46),(13269,269,46),(13270,270,46),(13271,271,46),(13272,272,46),(13273,273,46),(13274,274,46),(13275,275,46),(13276,276,46),(13277,277,46),(13278,278,46),(13279,279,46),(13280,280,46),(13281,281,46),(13282,282,46),(13283,283,46),(13284,284,46),(13285,285,46),(13286,286,46),(13287,287,46),(13288,288,46),(13289,289,46),(13290,290,46),(13291,291,46),(13292,292,46),(13293,293,46),(13294,294,46),(13295,295,46),(13296,296,46),(13297,297,46),(13298,298,46),(13299,299,46),(13300,300,46),(13301,301,46),(13302,302,46),(13303,303,46),(13304,304,46),(13305,305,46),(13306,306,46),(13307,307,46),(13308,308,46),(13309,309,46),(13310,310,46),(13311,311,46),(13312,312,46),(13313,313,46),(13314,314,46),(13315,315,46),(13316,316,46),(13317,317,46),(13318,318,46),(13319,319,46),(13320,320,46),(13321,321,46),(13322,322,46),(13323,323,46),(13324,324,46),(13325,325,46),(13326,326,46),(13327,327,46),(13328,328,46),(13329,329,46),(13330,330,46),(13331,331,46),(13332,332,46),(13333,333,46),(13334,334,46),(13335,335,46),(13336,336,46),(13337,337,46),(13338,338,46),(13339,339,46),(13340,340,46),(13341,341,46),(13342,342,46),(13343,343,46),(13344,344,46),(13345,345,46),(13346,346,46),(13347,347,46),(13348,348,46),(13349,349,46),(13350,350,46),(13351,351,46),(13352,352,46),(13353,353,46),(13354,354,46),(13355,355,46),(13356,356,46),(13357,357,46),(13358,358,46),(13359,359,46),(13360,360,46),(13361,361,46),(13362,362,46),(13363,363,46),(13364,364,46),(13365,365,46),(13366,366,46),(13367,367,46),(13368,368,46),(13369,369,46),(13370,370,46),(13371,371,46),(13372,372,46),(13373,373,46),(13374,374,46),(13375,375,46),(13376,376,46),(13377,377,46),(13378,378,46),(13379,379,46),(13380,380,46),(13381,381,46),(13382,382,46),(13383,383,46),(13384,384,46),(13385,385,46),(13386,386,46),(13387,387,46),(13388,388,46),(13389,389,46),(13390,390,46),(13391,391,46),(13392,392,46),(13393,393,46),(13394,394,46),(13395,395,46),(13396,396,46),(13397,397,46),(13398,398,46),(13399,399,46),(13400,400,46),(13401,1,47),(13402,2,47),(13403,3,47),(13404,4,47),(13405,5,47),(13406,6,47),(13407,7,47),(13408,8,47),(13409,9,47),(13410,10,47),(13411,11,47),(13412,12,47),(13413,13,47),(13414,14,47),(13415,15,47),(13416,16,47),(13417,17,47),(13418,18,47),(13419,19,47),(13420,20,47),(13421,21,47),(13422,22,47),(13423,23,47),(13424,24,47),(13425,25,47),(13426,26,47),(13427,27,47),(13428,28,47),(13429,29,47),(13430,30,47),(13431,31,47),(13432,32,47),(13433,33,47),(13434,34,47),(13435,35,47),(13436,36,47),(13437,37,47),(13438,38,47),(13439,39,47),(13440,40,47),(13441,41,47),(13442,42,47),(13443,43,47),(13444,44,47),(13445,45,47),(13446,46,47),(13447,47,47),(13448,48,47),(13449,49,47),(13450,50,47),(13451,51,47),(13452,52,47),(13453,53,47),(13454,54,47),(13455,55,47),(13456,56,47),(13457,57,47),(13458,58,47),(13459,59,47),(13460,60,47),(13461,61,47),(13462,62,47),(13463,63,47),(13464,64,47),(13465,65,47),(13466,66,47),(13467,67,47),(13468,68,47),(13469,69,47),(13470,70,47),(13471,71,47),(13472,72,47),(13473,73,47),(13474,74,47),(13475,75,47),(13476,76,47),(13477,77,47),(13478,78,47),(13479,79,47),(13480,80,47),(13481,81,47),(13482,82,47),(13483,83,47),(13484,84,47),(13485,85,47),(13486,86,47),(13487,87,47),(13488,88,47),(13489,89,47),(13490,90,47),(13491,91,47),(13492,92,47),(13493,93,47),(13494,94,47),(13495,95,47),(13496,96,47),(13497,97,47),(13498,98,47),(13499,99,47),(13500,100,47),(13501,101,47),(13502,102,47),(13503,103,47),(13504,104,47),(13505,105,47),(13506,106,47),(13507,107,47),(13508,108,47),(13509,109,47),(13510,110,47),(13511,111,47),(13512,112,47),(13513,113,47),(13514,114,47),(13515,115,47),(13516,116,47),(13517,117,47),(13518,118,47),(13519,119,47),(13520,120,47),(13521,121,47),(13522,122,47),(13523,123,47),(13524,124,47),(13525,125,47),(13526,126,47),(13527,127,47),(13528,128,47),(13529,129,47),(13530,130,47),(13531,131,47),(13532,132,47),(13533,133,47),(13534,134,47),(13535,135,47),(13536,136,47),(13537,137,47),(13538,138,47),(13539,139,47),(13540,140,47),(13541,141,47),(13542,142,47),(13543,143,47),(13544,144,47),(13545,145,47),(13546,146,47),(13547,147,47),(13548,148,47),(13549,149,47),(13550,150,47),(13551,151,47),(13552,152,47),(13553,153,47),(13554,154,47),(13555,155,47),(13556,156,47),(13557,157,47),(13558,158,47),(13559,159,47),(13560,160,47),(13561,161,47),(13562,162,47),(13563,163,47),(13564,164,47),(13565,165,47),(13566,166,47),(13567,167,47),(13568,168,47),(13569,169,47),(13570,170,47),(13571,171,47),(13572,172,47),(13573,173,47),(13574,174,47),(13575,175,47),(13576,176,47),(13577,177,47),(13578,178,47),(13579,179,47),(13580,180,47),(13581,181,47),(13582,182,47),(13583,183,47),(13584,184,47),(13585,185,47),(13586,186,47),(13587,187,47),(13588,188,47),(13589,189,47),(13590,190,47),(13591,191,47),(13592,192,47),(13593,193,47),(13594,194,47),(13595,195,47),(13596,196,47),(13597,197,47),(13598,198,47),(13599,199,47),(13600,200,47),(13601,201,47),(13602,202,47),(13603,203,47),(13604,204,47),(13605,205,47),(13606,206,47),(13607,207,47),(13608,208,47),(13609,209,47),(13610,210,47),(13611,211,47),(13612,212,47),(13613,213,47),(13614,214,47),(13615,215,47),(13616,216,47),(13617,217,47),(13618,218,47),(13619,219,47),(13620,220,47),(13621,221,47),(13622,222,47),(13623,223,47),(13624,224,47),(13625,225,47),(13626,226,47),(13627,227,47),(13628,228,47),(13629,229,47),(13630,230,47),(13631,231,47),(13632,232,47),(13633,233,47),(13634,234,47),(13635,235,47),(13636,236,47),(13637,237,47),(13638,238,47),(13639,239,47),(13640,240,47),(13641,241,47),(13642,242,47),(13643,243,47),(13644,244,47),(13645,245,47),(13646,246,47),(13647,247,47),(13648,248,47),(13649,249,47),(13650,250,47),(13651,251,47),(13652,252,47),(13653,253,47),(13654,254,47),(13655,255,47),(13656,256,47),(13657,257,47),(13658,258,47),(13659,259,47),(13660,260,47),(13661,261,47),(13662,262,47),(13663,263,47),(13664,264,47),(13665,265,47),(13666,266,47),(13667,267,47),(13668,268,47),(13669,269,47),(13670,270,47),(13671,271,47),(13672,272,47),(13673,273,47),(13674,274,47),(13675,275,47),(13676,276,47),(13677,277,47),(13678,278,47),(13679,279,47),(13680,280,47),(13681,281,47),(13682,282,47),(13683,283,47),(13684,284,47),(13685,285,47),(13686,286,47),(13687,287,47),(13688,288,47),(13689,289,47),(13690,290,47),(13691,291,47),(13692,292,47),(13693,293,47),(13694,294,47),(13695,295,47),(13696,296,47),(13697,297,47),(13698,298,47),(13699,299,47),(13700,300,47),(13701,301,47),(13702,302,47),(13703,303,47),(13704,304,47),(13705,305,47),(13706,306,47),(13707,307,47),(13708,308,47),(13709,309,47),(13710,310,47),(13711,311,47),(13712,312,47),(13713,313,47),(13714,314,47),(13715,315,47),(13716,316,47),(13717,317,47),(13718,318,47),(13719,319,47),(13720,320,47),(13721,321,47),(13722,322,47),(13723,323,47),(13724,324,47),(13725,325,47),(13726,326,47),(13727,327,47),(13728,328,47),(13729,329,47),(13730,330,47),(13731,331,47),(13732,332,47),(13733,333,47),(13734,334,47),(13735,335,47),(13736,336,47),(13737,337,47),(13738,338,47),(13739,339,47),(13740,340,47),(13741,341,47),(13742,342,47),(13743,343,47),(13744,344,47),(13745,345,47),(13746,346,47),(13747,347,47),(13748,348,47),(13749,349,47),(13750,350,47),(13751,351,47),(13752,352,47),(13753,353,47),(13754,354,47),(13755,355,47),(13756,356,47),(13757,357,47),(13758,358,47),(13759,359,47),(13760,360,47),(13761,361,47),(13762,362,47),(13763,363,47),(13764,364,47),(13765,365,47),(13766,366,47),(13767,367,47),(13768,368,47),(13769,369,47),(13770,370,47),(13771,371,47),(13772,372,47),(13773,373,47),(13774,374,47),(13775,375,47),(13776,376,47),(13777,377,47),(13778,378,47),(13779,379,47),(13780,380,47),(13781,381,47),(13782,382,47),(13783,383,47),(13784,384,47),(13785,385,47),(13786,386,47),(13787,387,47),(13788,388,47),(13789,389,47),(13790,390,47),(13791,391,47),(13792,392,47),(13793,393,47),(13794,394,47),(13795,395,47),(13796,396,47),(13797,397,47),(13798,398,47),(13799,399,47),(13800,400,47),(13801,401,47),(13802,402,47),(13803,403,47),(13804,404,47),(13805,405,47),(13806,406,47),(13807,407,47),(13808,408,47),(13809,409,47),(13810,410,47),(13811,411,47),(13812,412,47),(13813,413,47),(13814,414,47),(13815,415,47),(13816,416,47),(13817,417,47),(13818,418,47),(13819,419,47),(13820,420,47),(13821,421,47),(13822,422,47),(13823,423,47),(13824,424,47),(13825,425,47),(13826,426,47),(13827,427,47),(13828,428,47),(13829,429,47),(13830,430,47),(13831,431,47),(13832,432,47),(13833,433,47),(13834,434,47),(13835,435,47),(13836,436,47),(13837,437,47),(13838,438,47),(13839,439,47),(13840,440,47),(13841,441,47),(13842,442,47),(13843,443,47),(13844,444,47),(13845,445,47),(13846,446,47),(13847,447,47),(13848,448,47),(13849,449,47),(13850,450,47),(13851,451,47),(13852,452,47),(13853,453,47),(13854,454,47),(13855,455,47),(13856,456,47),(13857,457,47),(13858,458,47),(13859,459,47),(13860,460,47),(13861,461,47),(13862,462,47),(13863,463,47),(13864,464,47),(13865,465,47),(13866,466,47),(13867,467,47),(13868,468,47),(13869,469,47),(13870,470,47),(13871,471,47),(13872,472,47),(13873,473,47),(13874,474,47),(13875,475,47),(13876,476,47),(13877,477,47),(13878,478,47),(13879,479,47),(13880,480,47),(13881,481,47),(13882,482,47),(13883,483,47),(13884,484,47),(13885,485,47),(13886,486,47),(13887,487,47),(13888,488,47),(13889,489,47),(13890,490,47),(13891,491,47),(13892,492,47),(13893,493,47),(13894,494,47),(13895,495,47),(13896,496,47),(13897,497,47),(13898,498,47),(13899,499,47),(13900,500,47),(13901,1,48),(13902,2,48),(13903,3,48),(13904,4,48),(13905,5,48),(13906,6,48),(13907,7,48),(13908,8,48),(13909,9,48),(13910,10,48),(13911,11,48),(13912,12,48),(13913,13,48),(13914,14,48),(13915,15,48),(13916,16,48),(13917,17,48),(13918,18,48),(13919,19,48),(13920,20,48),(13921,21,48),(13922,22,48),(13923,23,48),(13924,24,48),(13925,25,48),(13926,26,48),(13927,27,48),(13928,28,48),(13929,29,48),(13930,30,48),(13931,31,48),(13932,32,48),(13933,33,48),(13934,34,48),(13935,35,48),(13936,36,48),(13937,37,48),(13938,38,48),(13939,39,48),(13940,40,48),(13941,41,48),(13942,42,48),(13943,43,48),(13944,44,48),(13945,45,48),(13946,46,48),(13947,47,48),(13948,48,48),(13949,49,48),(13950,50,48),(13951,51,48),(13952,52,48),(13953,53,48),(13954,54,48),(13955,55,48),(13956,56,48),(13957,57,48),(13958,58,48),(13959,59,48),(13960,60,48),(13961,61,48),(13962,62,48),(13963,63,48),(13964,64,48),(13965,65,48),(13966,66,48),(13967,67,48),(13968,68,48),(13969,69,48),(13970,70,48),(13971,71,48),(13972,72,48),(13973,73,48),(13974,74,48),(13975,75,48),(13976,76,48),(13977,77,48),(13978,78,48),(13979,79,48),(13980,80,48),(13981,81,48),(13982,82,48),(13983,83,48),(13984,84,48),(13985,85,48),(13986,86,48),(13987,87,48),(13988,88,48),(13989,89,48),(13990,90,48),(13991,91,48),(13992,92,48),(13993,93,48),(13994,94,48),(13995,95,48),(13996,96,48),(13997,97,48),(13998,98,48),(13999,99,48),(14000,100,48),(14001,101,48),(14002,102,48),(14003,103,48),(14004,104,48),(14005,105,48),(14006,106,48),(14007,107,48),(14008,108,48),(14009,109,48),(14010,110,48),(14011,111,48),(14012,112,48),(14013,113,48),(14014,114,48),(14015,115,48),(14016,116,48),(14017,117,48),(14018,118,48),(14019,119,48),(14020,120,48),(14021,121,48),(14022,122,48),(14023,123,48),(14024,124,48),(14025,125,48),(14026,126,48),(14027,127,48),(14028,128,48),(14029,129,48),(14030,130,48),(14031,131,48),(14032,132,48),(14033,133,48),(14034,134,48),(14035,135,48),(14036,136,48),(14037,137,48),(14038,138,48),(14039,139,48),(14040,140,48),(14041,141,48),(14042,142,48),(14043,143,48),(14044,144,48),(14045,145,48),(14046,146,48),(14047,147,48),(14048,148,48),(14049,149,48),(14050,150,48),(14051,151,48),(14052,152,48),(14053,153,48),(14054,154,48),(14055,155,48),(14056,156,48),(14057,157,48),(14058,158,48),(14059,159,48),(14060,160,48),(14061,161,48),(14062,162,48),(14063,163,48),(14064,164,48),(14065,165,48),(14066,166,48),(14067,167,48),(14068,168,48),(14069,169,48),(14070,170,48),(14071,171,48),(14072,172,48),(14073,173,48),(14074,174,48),(14075,175,48),(14076,176,48),(14077,177,48),(14078,178,48),(14079,179,48),(14080,180,48),(14081,181,48),(14082,182,48),(14083,183,48),(14084,184,48),(14085,185,48),(14086,186,48),(14087,187,48),(14088,188,48),(14089,189,48),(14090,190,48),(14091,191,48),(14092,192,48),(14093,193,48),(14094,194,48),(14095,195,48),(14096,196,48),(14097,197,48),(14098,198,48),(14099,199,48),(14100,200,48),(14101,201,48),(14102,202,48),(14103,203,48),(14104,204,48),(14105,205,48),(14106,206,48),(14107,207,48),(14108,208,48),(14109,209,48),(14110,210,48),(14111,211,48),(14112,212,48),(14113,213,48),(14114,214,48),(14115,215,48),(14116,216,48),(14117,217,48),(14118,218,48),(14119,219,48),(14120,220,48),(14121,221,48),(14122,222,48),(14123,223,48),(14124,224,48),(14125,225,48),(14126,226,48),(14127,227,48),(14128,228,48),(14129,229,48),(14130,230,48),(14131,231,48),(14132,232,48),(14133,233,48),(14134,234,48),(14135,235,48),(14136,236,48),(14137,237,48),(14138,238,48),(14139,239,48),(14140,240,48),(14141,241,48),(14142,242,48),(14143,243,48),(14144,244,48),(14145,245,48),(14146,246,48),(14147,247,48),(14148,248,48),(14149,249,48),(14150,250,48),(14151,251,48),(14152,252,48),(14153,253,48),(14154,254,48),(14155,255,48),(14156,256,48),(14157,257,48),(14158,258,48),(14159,259,48),(14160,260,48),(14161,261,48),(14162,262,48),(14163,263,48),(14164,264,48),(14165,265,48),(14166,266,48),(14167,267,48),(14168,268,48),(14169,269,48),(14170,270,48),(14171,271,48),(14172,272,48),(14173,273,48),(14174,274,48),(14175,275,48),(14176,276,48),(14177,277,48),(14178,278,48),(14179,279,48),(14180,280,48),(14181,281,48),(14182,282,48),(14183,283,48),(14184,284,48),(14185,285,48),(14186,286,48),(14187,287,48),(14188,288,48),(14189,289,48),(14190,290,48),(14191,291,48),(14192,292,48),(14193,293,48),(14194,294,48),(14195,295,48),(14196,296,48),(14197,297,48),(14198,298,48),(14199,299,48),(14200,300,48),(14201,1,49),(14202,2,49),(14203,3,49),(14204,4,49),(14205,5,49),(14206,6,49),(14207,7,49),(14208,8,49),(14209,9,49),(14210,10,49),(14211,11,49),(14212,12,49),(14213,13,49),(14214,14,49),(14215,15,49),(14216,16,49),(14217,17,49),(14218,18,49),(14219,19,49),(14220,20,49),(14221,21,49),(14222,22,49),(14223,23,49),(14224,24,49),(14225,25,49),(14226,26,49),(14227,27,49),(14228,28,49),(14229,29,49),(14230,30,49),(14231,31,49),(14232,32,49),(14233,33,49),(14234,34,49),(14235,35,49),(14236,36,49),(14237,37,49),(14238,38,49),(14239,39,49),(14240,40,49),(14241,41,49),(14242,42,49),(14243,43,49),(14244,44,49),(14245,45,49),(14246,46,49),(14247,47,49),(14248,48,49),(14249,49,49),(14250,50,49),(14251,51,49),(14252,52,49),(14253,53,49),(14254,54,49),(14255,55,49),(14256,56,49),(14257,57,49),(14258,58,49),(14259,59,49),(14260,60,49),(14261,61,49),(14262,62,49),(14263,63,49),(14264,64,49),(14265,65,49),(14266,66,49),(14267,67,49),(14268,68,49),(14269,69,49),(14270,70,49),(14271,71,49),(14272,72,49),(14273,73,49),(14274,74,49),(14275,75,49),(14276,76,49),(14277,77,49),(14278,78,49),(14279,79,49),(14280,80,49),(14281,81,49),(14282,82,49),(14283,83,49),(14284,84,49),(14285,85,49),(14286,86,49),(14287,87,49),(14288,88,49),(14289,89,49),(14290,90,49),(14291,91,49),(14292,92,49),(14293,93,49),(14294,94,49),(14295,95,49),(14296,96,49),(14297,97,49),(14298,98,49),(14299,99,49),(14300,100,49),(14301,101,49),(14302,102,49),(14303,103,49),(14304,104,49),(14305,105,49),(14306,106,49),(14307,107,49),(14308,108,49),(14309,109,49),(14310,110,49),(14311,111,49),(14312,112,49),(14313,113,49),(14314,114,49),(14315,115,49),(14316,116,49),(14317,117,49),(14318,118,49),(14319,119,49),(14320,120,49),(14321,121,49),(14322,122,49),(14323,123,49),(14324,124,49),(14325,125,49),(14326,126,49),(14327,127,49),(14328,128,49),(14329,129,49),(14330,130,49),(14331,131,49),(14332,132,49),(14333,133,49),(14334,134,49),(14335,135,49),(14336,136,49),(14337,137,49),(14338,138,49),(14339,139,49),(14340,140,49),(14341,141,49),(14342,142,49),(14343,143,49),(14344,144,49),(14345,145,49),(14346,146,49),(14347,147,49),(14348,148,49),(14349,149,49),(14350,150,49),(14351,151,49),(14352,152,49),(14353,153,49),(14354,154,49),(14355,155,49),(14356,156,49),(14357,157,49),(14358,158,49),(14359,159,49),(14360,160,49),(14361,161,49),(14362,162,49),(14363,163,49),(14364,164,49),(14365,165,49),(14366,166,49),(14367,167,49),(14368,168,49),(14369,169,49),(14370,170,49),(14371,171,49),(14372,172,49),(14373,173,49),(14374,174,49),(14375,175,49),(14376,176,49),(14377,177,49),(14378,178,49),(14379,179,49),(14380,180,49),(14381,181,49),(14382,182,49),(14383,183,49),(14384,184,49),(14385,185,49),(14386,186,49),(14387,187,49),(14388,188,49),(14389,189,49),(14390,190,49),(14391,191,49),(14392,192,49),(14393,193,49),(14394,194,49),(14395,195,49),(14396,196,49),(14397,197,49),(14398,198,49),(14399,199,49),(14400,200,49),(14401,201,49),(14402,202,49),(14403,203,49),(14404,204,49),(14405,205,49),(14406,206,49),(14407,207,49),(14408,208,49),(14409,209,49),(14410,210,49),(14411,211,49),(14412,212,49),(14413,213,49),(14414,214,49),(14415,215,49),(14416,216,49),(14417,217,49),(14418,218,49),(14419,219,49),(14420,220,49),(14421,221,49),(14422,222,49),(14423,223,49),(14424,224,49),(14425,225,49),(14426,226,49),(14427,227,49),(14428,228,49),(14429,229,49),(14430,230,49),(14431,231,49),(14432,232,49),(14433,233,49),(14434,234,49),(14435,235,49),(14436,236,49),(14437,237,49),(14438,238,49),(14439,239,49),(14440,240,49),(14441,241,49),(14442,242,49),(14443,243,49),(14444,244,49),(14445,245,49),(14446,246,49),(14447,247,49),(14448,248,49),(14449,249,49),(14450,250,49),(14451,251,49),(14452,252,49),(14453,253,49),(14454,254,49),(14455,255,49),(14456,256,49),(14457,257,49),(14458,258,49),(14459,259,49),(14460,260,49),(14461,261,49),(14462,262,49),(14463,263,49),(14464,264,49),(14465,265,49),(14466,266,49),(14467,267,49),(14468,268,49),(14469,269,49),(14470,270,49),(14471,271,49),(14472,272,49),(14473,273,49),(14474,274,49),(14475,275,49),(14476,276,49),(14477,277,49),(14478,278,49),(14479,279,49),(14480,280,49),(14481,281,49),(14482,282,49),(14483,283,49),(14484,284,49),(14485,285,49),(14486,286,49),(14487,287,49),(14488,288,49),(14489,289,49),(14490,290,49),(14491,291,49),(14492,292,49),(14493,293,49),(14494,294,49),(14495,295,49),(14496,296,49),(14497,297,49),(14498,298,49),(14499,299,49),(14500,300,49),(14501,1,50),(14502,2,50),(14503,3,50),(14504,4,50),(14505,5,50),(14506,6,50),(14507,7,50),(14508,8,50),(14509,9,50),(14510,10,50),(14511,11,50),(14512,12,50),(14513,13,50),(14514,14,50),(14515,15,50),(14516,16,50),(14517,17,50),(14518,18,50),(14519,19,50),(14520,20,50),(14521,21,50),(14522,22,50),(14523,23,50),(14524,24,50),(14525,25,50),(14526,26,50),(14527,27,50),(14528,28,50),(14529,29,50),(14530,30,50),(14531,31,50),(14532,32,50),(14533,33,50),(14534,34,50),(14535,35,50),(14536,36,50),(14537,37,50),(14538,38,50),(14539,39,50),(14540,40,50),(14541,41,50),(14542,42,50),(14543,43,50),(14544,44,50),(14545,45,50),(14546,46,50),(14547,47,50),(14548,48,50),(14549,49,50),(14550,50,50),(14551,1,51),(14552,2,51),(14553,3,51),(14554,4,51),(14555,5,51),(14556,6,51),(14557,7,51),(14558,8,51),(14559,9,51),(14560,10,51),(14561,11,51),(14562,12,51),(14563,13,51),(14564,14,51),(14565,15,51),(14566,16,51),(14567,17,51),(14568,18,51),(14569,19,51),(14570,20,51),(14571,21,51),(14572,22,51),(14573,23,51),(14574,24,51),(14575,25,51),(14576,26,51),(14577,27,51),(14578,28,51),(14579,29,51),(14580,30,51),(14581,31,51),(14582,32,51),(14583,33,51),(14584,34,51),(14585,35,51),(14586,36,51),(14587,37,51),(14588,38,51),(14589,39,51),(14590,40,51),(14591,41,51),(14592,42,51),(14593,43,51),(14594,44,51),(14595,45,51),(14596,46,51),(14597,47,51),(14598,48,51),(14599,49,51),(14600,50,51),(14601,51,51),(14602,52,51),(14603,53,51),(14604,54,51),(14605,55,51),(14606,56,51),(14607,57,51),(14608,58,51),(14609,59,51),(14610,60,51),(14611,61,51),(14612,62,51),(14613,63,51),(14614,64,51),(14615,65,51),(14616,66,51),(14617,67,51),(14618,68,51),(14619,69,51),(14620,70,51),(14621,71,51),(14622,72,51),(14623,73,51),(14624,74,51),(14625,75,51),(14626,76,51),(14627,77,51),(14628,78,51),(14629,79,51),(14630,80,51),(14631,81,51),(14632,82,51),(14633,83,51),(14634,84,51),(14635,85,51),(14636,86,51),(14637,87,51),(14638,88,51),(14639,89,51),(14640,90,51),(14641,91,51),(14642,92,51),(14643,93,51),(14644,94,51),(14645,95,51),(14646,96,51),(14647,97,51),(14648,98,51),(14649,99,51),(14650,100,51),(14651,101,51),(14652,102,51),(14653,103,51),(14654,104,51),(14655,105,51),(14656,106,51),(14657,107,51),(14658,108,51),(14659,109,51),(14660,110,51),(14661,111,51),(14662,112,51),(14663,113,51),(14664,114,51),(14665,115,51),(14666,116,51),(14667,117,51),(14668,118,51),(14669,119,51),(14670,120,51),(14671,121,51),(14672,122,51),(14673,123,51),(14674,124,51),(14675,125,51),(14676,126,51),(14677,127,51),(14678,128,51),(14679,129,51),(14680,130,51),(14681,131,51),(14682,132,51),(14683,133,51),(14684,134,51),(14685,135,51),(14686,136,51),(14687,137,51),(14688,138,51),(14689,139,51),(14690,140,51),(14691,141,51),(14692,142,51),(14693,143,51),(14694,144,51),(14695,145,51),(14696,146,51),(14697,147,51),(14698,148,51),(14699,149,51),(14700,150,51),(14701,151,51),(14702,152,51),(14703,153,51),(14704,154,51),(14705,155,51),(14706,156,51),(14707,157,51),(14708,158,51),(14709,159,51),(14710,160,51),(14711,161,51),(14712,162,51),(14713,163,51),(14714,164,51),(14715,165,51),(14716,166,51),(14717,167,51),(14718,168,51),(14719,169,51),(14720,170,51),(14721,171,51),(14722,172,51),(14723,173,51),(14724,174,51),(14725,175,51),(14726,176,51),(14727,177,51),(14728,178,51),(14729,179,51),(14730,180,51),(14731,181,51),(14732,182,51),(14733,183,51),(14734,184,51),(14735,185,51),(14736,186,51),(14737,187,51),(14738,188,51),(14739,189,51),(14740,190,51),(14741,191,51),(14742,192,51),(14743,193,51),(14744,194,51),(14745,195,51),(14746,196,51),(14747,197,51),(14748,198,51),(14749,199,51),(14750,200,51),(14751,201,51),(14752,202,51),(14753,203,51),(14754,204,51),(14755,205,51),(14756,206,51),(14757,207,51),(14758,208,51),(14759,209,51),(14760,210,51),(14761,211,51),(14762,212,51),(14763,213,51),(14764,214,51),(14765,215,51),(14766,216,51),(14767,217,51),(14768,218,51),(14769,219,51),(14770,220,51),(14771,221,51),(14772,222,51),(14773,223,51),(14774,224,51),(14775,225,51),(14776,226,51),(14777,227,51),(14778,228,51),(14779,229,51),(14780,230,51),(14781,231,51),(14782,232,51),(14783,233,51),(14784,234,51),(14785,235,51),(14786,236,51),(14787,237,51),(14788,238,51),(14789,239,51),(14790,240,51),(14791,241,51),(14792,242,51),(14793,243,51),(14794,244,51),(14795,245,51),(14796,246,51),(14797,247,51),(14798,248,51),(14799,249,51),(14800,250,51),(14801,251,51),(14802,252,51),(14803,253,51),(14804,254,51),(14805,255,51),(14806,256,51),(14807,257,51),(14808,258,51),(14809,259,51),(14810,260,51),(14811,261,51),(14812,262,51),(14813,263,51),(14814,264,51),(14815,265,51),(14816,266,51),(14817,267,51),(14818,268,51),(14819,269,51),(14820,270,51),(14821,271,51),(14822,272,51),(14823,273,51),(14824,274,51),(14825,275,51),(14826,276,51),(14827,277,51),(14828,278,51),(14829,279,51),(14830,280,51),(14831,281,51),(14832,282,51),(14833,283,51),(14834,284,51),(14835,285,51),(14836,286,51),(14837,287,51),(14838,288,51),(14839,289,51),(14840,290,51),(14841,291,51),(14842,292,51),(14843,293,51),(14844,294,51),(14845,295,51),(14846,296,51),(14847,297,51),(14848,298,51),(14849,299,51),(14850,300,51),(14851,301,51),(14852,302,51),(14853,303,51),(14854,304,51),(14855,305,51),(14856,306,51),(14857,307,51),(14858,308,51),(14859,309,51),(14860,310,51),(14861,311,51),(14862,312,51),(14863,313,51),(14864,314,51),(14865,315,51),(14866,316,51),(14867,317,51),(14868,318,51),(14869,319,51),(14870,320,51),(14871,321,51),(14872,322,51),(14873,323,51),(14874,324,51),(14875,325,51),(14876,326,51),(14877,327,51),(14878,328,51),(14879,329,51),(14880,330,51),(14881,331,51),(14882,332,51),(14883,333,51),(14884,334,51),(14885,335,51),(14886,336,51),(14887,337,51),(14888,338,51),(14889,339,51),(14890,340,51),(14891,341,51),(14892,342,51),(14893,343,51),(14894,344,51),(14895,345,51),(14896,346,51),(14897,347,51),(14898,348,51),(14899,349,51),(14900,350,51),(14901,351,51),(14902,352,51),(14903,353,51),(14904,354,51),(14905,355,51),(14906,356,51),(14907,357,51),(14908,358,51),(14909,359,51),(14910,360,51),(14911,361,51),(14912,362,51),(14913,363,51),(14914,364,51),(14915,365,51),(14916,366,51),(14917,367,51),(14918,368,51),(14919,369,51),(14920,370,51),(14921,371,51),(14922,372,51),(14923,373,51),(14924,374,51),(14925,375,51),(14926,376,51),(14927,377,51),(14928,378,51),(14929,379,51),(14930,380,51),(14931,381,51),(14932,382,51),(14933,383,51),(14934,384,51),(14935,385,51),(14936,386,51),(14937,387,51),(14938,388,51),(14939,389,51),(14940,390,51),(14941,391,51),(14942,392,51),(14943,393,51),(14944,394,51),(14945,395,51),(14946,396,51),(14947,397,51),(14948,398,51),(14949,399,51),(14950,400,51),(14951,401,51),(14952,402,51),(14953,403,51),(14954,404,51),(14955,405,51),(14956,406,51),(14957,407,51),(14958,408,51),(14959,409,51),(14960,410,51),(14961,411,51),(14962,412,51),(14963,413,51),(14964,414,51),(14965,415,51),(14966,416,51),(14967,417,51),(14968,418,51),(14969,419,51),(14970,420,51),(14971,421,51),(14972,422,51),(14973,423,51),(14974,424,51),(14975,425,51),(14976,426,51),(14977,427,51),(14978,428,51),(14979,429,51),(14980,430,51),(14981,431,51),(14982,432,51),(14983,433,51),(14984,434,51),(14985,435,51),(14986,436,51),(14987,437,51),(14988,438,51),(14989,439,51),(14990,440,51),(14991,441,51),(14992,442,51),(14993,443,51),(14994,444,51),(14995,445,51),(14996,446,51),(14997,447,51),(14998,448,51),(14999,449,51),(15000,450,51),(15001,1,52),(15002,2,52),(15003,3,52),(15004,4,52),(15005,5,52),(15006,6,52),(15007,7,52),(15008,8,52),(15009,9,52),(15010,10,52),(15011,11,52),(15012,12,52),(15013,13,52),(15014,14,52),(15015,15,52),(15016,16,52),(15017,17,52),(15018,18,52),(15019,19,52),(15020,20,52),(15021,21,52),(15022,22,52),(15023,23,52),(15024,24,52),(15025,25,52),(15026,26,52),(15027,27,52),(15028,28,52),(15029,29,52),(15030,30,52),(15031,31,52),(15032,32,52),(15033,33,52),(15034,34,52),(15035,35,52),(15036,36,52),(15037,37,52),(15038,38,52),(15039,39,52),(15040,40,52),(15041,41,52),(15042,42,52),(15043,43,52),(15044,44,52),(15045,45,52),(15046,46,52),(15047,47,52),(15048,48,52),(15049,49,52),(15050,50,52),(15051,51,52),(15052,52,52),(15053,53,52),(15054,54,52),(15055,55,52),(15056,56,52),(15057,57,52),(15058,58,52),(15059,59,52),(15060,60,52),(15061,61,52),(15062,62,52),(15063,63,52),(15064,64,52),(15065,65,52),(15066,66,52),(15067,67,52),(15068,68,52),(15069,69,52),(15070,70,52),(15071,71,52),(15072,72,52),(15073,73,52),(15074,74,52),(15075,75,52),(15076,76,52),(15077,77,52),(15078,78,52),(15079,79,52),(15080,80,52),(15081,81,52),(15082,82,52),(15083,83,52),(15084,84,52),(15085,85,52),(15086,86,52),(15087,87,52),(15088,88,52),(15089,89,52),(15090,90,52),(15091,91,52),(15092,92,52),(15093,93,52),(15094,94,52),(15095,95,52),(15096,96,52),(15097,97,52),(15098,98,52),(15099,99,52),(15100,100,52),(15101,101,52),(15102,102,52),(15103,103,52),(15104,104,52),(15105,105,52),(15106,106,52),(15107,107,52),(15108,108,52),(15109,109,52),(15110,110,52),(15111,111,52),(15112,112,52),(15113,113,52),(15114,114,52),(15115,115,52),(15116,116,52),(15117,117,52),(15118,118,52),(15119,119,52),(15120,120,52),(15121,121,52),(15122,122,52),(15123,123,52),(15124,124,52),(15125,125,52),(15126,126,52),(15127,127,52),(15128,128,52),(15129,129,52),(15130,130,52),(15131,131,52),(15132,132,52),(15133,133,52),(15134,134,52),(15135,135,52),(15136,136,52),(15137,137,52),(15138,138,52),(15139,139,52),(15140,140,52),(15141,141,52),(15142,142,52),(15143,143,52),(15144,144,52),(15145,145,52),(15146,146,52),(15147,147,52),(15148,148,52),(15149,149,52),(15150,150,52),(15151,151,52),(15152,152,52),(15153,153,52),(15154,154,52),(15155,155,52),(15156,156,52),(15157,157,52),(15158,158,52),(15159,159,52),(15160,160,52),(15161,161,52),(15162,162,52),(15163,163,52),(15164,164,52),(15165,165,52),(15166,166,52),(15167,167,52),(15168,168,52),(15169,169,52),(15170,170,52),(15171,171,52),(15172,172,52),(15173,173,52),(15174,174,52),(15175,175,52),(15176,176,52),(15177,177,52),(15178,178,52),(15179,179,52),(15180,180,52),(15181,181,52),(15182,182,52),(15183,183,52),(15184,184,52),(15185,185,52),(15186,186,52),(15187,187,52),(15188,188,52),(15189,189,52),(15190,190,52),(15191,191,52),(15192,192,52),(15193,193,52),(15194,194,52),(15195,195,52),(15196,196,52),(15197,197,52),(15198,198,52),(15199,199,52),(15200,200,52),(15201,201,52),(15202,202,52),(15203,203,52),(15204,204,52),(15205,205,52),(15206,206,52),(15207,207,52),(15208,208,52),(15209,209,52),(15210,210,52),(15211,211,52),(15212,212,52),(15213,213,52),(15214,214,52),(15215,215,52),(15216,216,52),(15217,217,52),(15218,218,52),(15219,219,52),(15220,220,52),(15221,221,52),(15222,222,52),(15223,223,52),(15224,224,52),(15225,225,52),(15226,226,52),(15227,227,52),(15228,228,52),(15229,229,52),(15230,230,52),(15231,231,52),(15232,232,52),(15233,233,52),(15234,234,52),(15235,235,52),(15236,236,52),(15237,237,52),(15238,238,52),(15239,239,52),(15240,240,52),(15241,241,52),(15242,242,52),(15243,243,52),(15244,244,52),(15245,245,52),(15246,246,52),(15247,247,52),(15248,248,52),(15249,249,52),(15250,250,52),(15251,251,52),(15252,252,52),(15253,253,52),(15254,254,52),(15255,255,52),(15256,256,52),(15257,257,52),(15258,258,52),(15259,259,52),(15260,260,52),(15261,261,52),(15262,262,52),(15263,263,52),(15264,264,52),(15265,265,52),(15266,266,52),(15267,267,52),(15268,268,52),(15269,269,52),(15270,270,52),(15271,271,52),(15272,272,52),(15273,273,52),(15274,274,52),(15275,275,52),(15276,276,52),(15277,277,52),(15278,278,52),(15279,279,52),(15280,280,52),(15281,281,52),(15282,282,52),(15283,283,52),(15284,284,52),(15285,285,52),(15286,286,52),(15287,287,52),(15288,288,52),(15289,289,52),(15290,290,52),(15291,291,52),(15292,292,52),(15293,293,52),(15294,294,52),(15295,295,52),(15296,296,52),(15297,297,52),(15298,298,52),(15299,299,52),(15300,300,52),(15301,1,53),(15302,2,53),(15303,3,53),(15304,4,53),(15305,5,53),(15306,6,53),(15307,7,53),(15308,8,53),(15309,9,53),(15310,10,53),(15311,11,53),(15312,12,53),(15313,13,53),(15314,14,53),(15315,15,53),(15316,16,53),(15317,17,53),(15318,18,53),(15319,19,53),(15320,20,53),(15321,21,53),(15322,22,53),(15323,23,53),(15324,24,53),(15325,25,53),(15326,26,53),(15327,27,53),(15328,28,53),(15329,29,53),(15330,30,53),(15331,31,53),(15332,32,53),(15333,33,53),(15334,34,53),(15335,35,53),(15336,36,53),(15337,37,53),(15338,38,53),(15339,39,53),(15340,40,53),(15341,41,53),(15342,42,53),(15343,43,53),(15344,44,53),(15345,45,53),(15346,46,53),(15347,47,53),(15348,48,53),(15349,49,53),(15350,50,53),(15351,51,53),(15352,52,53),(15353,53,53),(15354,54,53),(15355,55,53),(15356,56,53),(15357,57,53),(15358,58,53),(15359,59,53),(15360,60,53),(15361,61,53),(15362,62,53),(15363,63,53),(15364,64,53),(15365,65,53),(15366,66,53),(15367,67,53),(15368,68,53),(15369,69,53),(15370,70,53),(15371,71,53),(15372,72,53),(15373,73,53),(15374,74,53),(15375,75,53),(15376,76,53),(15377,77,53),(15378,78,53),(15379,79,53),(15380,80,53),(15381,81,53),(15382,82,53),(15383,83,53),(15384,84,53),(15385,85,53),(15386,86,53),(15387,87,53),(15388,88,53),(15389,89,53),(15390,90,53),(15391,91,53),(15392,92,53),(15393,93,53),(15394,94,53),(15395,95,53),(15396,96,53),(15397,97,53),(15398,98,53),(15399,99,53),(15400,100,53),(15401,101,53),(15402,102,53),(15403,103,53),(15404,104,53),(15405,105,53),(15406,106,53),(15407,107,53),(15408,108,53),(15409,109,53),(15410,110,53),(15411,111,53),(15412,112,53),(15413,113,53),(15414,114,53),(15415,115,53),(15416,116,53),(15417,117,53),(15418,118,53),(15419,119,53),(15420,120,53),(15421,121,53),(15422,122,53),(15423,123,53),(15424,124,53),(15425,125,53),(15426,126,53),(15427,127,53),(15428,128,53),(15429,129,53),(15430,130,53),(15431,131,53),(15432,132,53),(15433,133,53),(15434,134,53),(15435,135,53),(15436,136,53),(15437,137,53),(15438,138,53),(15439,139,53),(15440,140,53),(15441,141,53),(15442,142,53),(15443,143,53),(15444,144,53),(15445,145,53),(15446,146,53),(15447,147,53),(15448,148,53),(15449,149,53),(15450,150,53),(15451,151,53),(15452,152,53),(15453,153,53),(15454,154,53),(15455,155,53),(15456,156,53),(15457,157,53),(15458,158,53),(15459,159,53),(15460,160,53),(15461,161,53),(15462,162,53),(15463,163,53),(15464,164,53),(15465,165,53),(15466,166,53),(15467,167,53),(15468,168,53),(15469,169,53),(15470,170,53),(15471,171,53),(15472,172,53),(15473,173,53),(15474,174,53),(15475,175,53),(15476,176,53),(15477,177,53),(15478,178,53),(15479,179,53),(15480,180,53),(15481,181,53),(15482,182,53),(15483,183,53),(15484,184,53),(15485,185,53),(15486,186,53),(15487,187,53),(15488,188,53),(15489,189,53),(15490,190,53),(15491,191,53),(15492,192,53),(15493,193,53),(15494,194,53),(15495,195,53),(15496,196,53),(15497,197,53),(15498,198,53),(15499,199,53),(15500,200,53),(15501,201,53),(15502,202,53),(15503,203,53),(15504,204,53),(15505,205,53),(15506,206,53),(15507,207,53),(15508,208,53),(15509,209,53),(15510,210,53),(15511,211,53),(15512,212,53),(15513,213,53),(15514,214,53),(15515,215,53),(15516,216,53),(15517,217,53),(15518,218,53),(15519,219,53),(15520,220,53),(15521,221,53),(15522,222,53),(15523,223,53),(15524,224,53),(15525,225,53),(15526,226,53),(15527,227,53),(15528,228,53),(15529,229,53),(15530,230,53),(15531,231,53),(15532,232,53),(15533,233,53),(15534,234,53),(15535,235,53),(15536,236,53),(15537,237,53),(15538,238,53),(15539,239,53),(15540,240,53),(15541,241,53),(15542,242,53),(15543,243,53),(15544,244,53),(15545,245,53),(15546,246,53),(15547,247,53),(15548,248,53),(15549,249,53),(15550,250,53),(15551,251,53),(15552,252,53),(15553,253,53),(15554,254,53),(15555,255,53),(15556,256,53),(15557,257,53),(15558,258,53),(15559,259,53),(15560,260,53),(15561,261,53),(15562,262,53),(15563,263,53),(15564,264,53),(15565,265,53),(15566,266,53),(15567,267,53),(15568,268,53),(15569,269,53),(15570,270,53),(15571,271,53),(15572,272,53),(15573,273,53),(15574,274,53),(15575,275,53),(15576,276,53),(15577,277,53),(15578,278,53),(15579,279,53),(15580,280,53),(15581,281,53),(15582,282,53),(15583,283,53),(15584,284,53),(15585,285,53),(15586,286,53),(15587,287,53),(15588,288,53),(15589,289,53),(15590,290,53),(15591,291,53),(15592,292,53),(15593,293,53),(15594,294,53),(15595,295,53),(15596,296,53),(15597,297,53),(15598,298,53),(15599,299,53),(15600,300,53);
/*!40000 ALTER TABLE `seatmap` ENABLE KEYS */;
UNLOCK TABLES;

--
-- Table structure for table `theatre`
--

DROP TABLE IF EXISTS `theatre`;
/*!40101 SET @saved_cs_client     = @@character_set_client */;
 SET character_set_client = utf8mb4 ;
CREATE TABLE `theatre` (
  `theatreID` int(11) NOT NULL AUTO_INCREMENT,
  `theatreName` varchar(50) NOT NULL,
  `ownerID` int(11) NOT NULL,
  `cityID` int(10) NOT NULL,
  `numOfScreens` int(11) NOT NULL,
  PRIMARY KEY (`theatreID`),
  KEY `cityID` (`cityID`),
  KEY `ownerID` (`ownerID`),
  CONSTRAINT `theatre_ibfk_1` FOREIGN KEY (`cityID`) REFERENCES `city` (`cityid`) ON DELETE CASCADE ON UPDATE CASCADE,
  CONSTRAINT `theatre_ibfk_2` FOREIGN KEY (`ownerID`) REFERENCES `user` (`userid`) ON DELETE CASCADE ON UPDATE CASCADE
) ENGINE=InnoDB AUTO_INCREMENT=15 DEFAULT CHARSET=utf8mb4 COLLATE=utf8mb4_0900_ai_ci;
/*!40101 SET character_set_client = @saved_cs_client */;

--
-- Dumping data for table `theatre`
--

LOCK TABLES `theatre` WRITE;
/*!40000 ALTER TABLE `theatre` DISABLE KEYS */;
INSERT INTO `theatre` VALUES (1,'CityPride SataraRoad',9,1,4),(2,'CityPride Kothrud',9,1,4),(3,'CityPride R Deccan',9,1,3),(4,'PVR Nitish Hub',10,1,5),(5,'PVR Kumar Pacific',10,1,3),(6,'PVR Pavillion',10,1,3),(7,'Cinepolis Seasons Mall Magarpatta',11,1,5),(9,'Cinepolis Viviana Thane',11,3,5),(10,'Inox Pimpri',12,1,4),(11,'Cinepolis K Star Mall',11,2,7),(12,'Inox: Amanora Town Centre',12,1,3),(13,'Inox: Bund Garden Road',12,1,4),(14,'Inox: Inorbit Mall, Malad(W)',12,2,3);
/*!40000 ALTER TABLE `theatre` ENABLE KEYS */;
UNLOCK TABLES;

--
-- Table structure for table `user`
--

DROP TABLE IF EXISTS `user`;
/*!40101 SET @saved_cs_client     = @@character_set_client */;
 SET character_set_client = utf8mb4 ;
CREATE TABLE `user` (
  `userID` int(11) NOT NULL AUTO_INCREMENT,
  `userName` varchar(40) DEFAULT NULL,
  `password` varchar(20) NOT NULL,
  `type` int(11) NOT NULL,
  PRIMARY KEY (`userID`),
  UNIQUE KEY `userIndex` (`userName`)
) ENGINE=InnoDB AUTO_INCREMENT=13 DEFAULT CHARSET=utf8mb4 COLLATE=utf8mb4_0900_ai_ci;
/*!40101 SET character_set_client = @saved_cs_client */;

--
-- Dumping data for table `user`
--

LOCK TABLES `user` WRITE;
/*!40000 ALTER TABLE `user` DISABLE KEYS */;
INSERT INTO `user` VALUES (9,'citypride','1234',1),(10,'PVR','1234',1),(11,'cinepolis','1234',1),(12,'inox','1234',1);
/*!40000 ALTER TABLE `user` ENABLE KEYS */;
UNLOCK TABLES;
/*!40103 SET TIME_ZONE=@OLD_TIME_ZONE */;

/*!40101 SET SQL_MODE=@OLD_SQL_MODE */;
/*!40014 SET FOREIGN_KEY_CHECKS=@OLD_FOREIGN_KEY_CHECKS */;
/*!40014 SET UNIQUE_CHECKS=@OLD_UNIQUE_CHECKS */;
/*!40101 SET CHARACTER_SET_CLIENT=@OLD_CHARACTER_SET_CLIENT */;
/*!40101 SET CHARACTER_SET_RESULTS=@OLD_CHARACTER_SET_RESULTS */;
/*!40101 SET COLLATION_CONNECTION=@OLD_COLLATION_CONNECTION */;
/*!40111 SET SQL_NOTES=@OLD_SQL_NOTES */;

-- Dump completed on 2018-08-13 16:08:49
